,index,seed,batch_size,learning_rate,accuracy
0,0,1499372471,10,0.001,99.27
1,0,1499372471,10,0.005,99.21
2,0,1499372471,10,0.01,99.0
3,0,1499372471,40,0.001,99.5
4,0,1499372471,40,0.005,99.21
5,0,1499372471,40,0.01,99.3
6,0,1499372471,70,0.001,99.14
7,0,1499372471,70,0.005,99.0
8,0,1499372471,70,0.01,99.08
9,1,1873802021,10,0.001,99.36
10,1,1873802021,10,0.005,99.3
11,1,1873802021,10,0.01,99.28
12,1,1873802021,40,0.001,99.42999999999999
13,1,1873802021,40,0.005,99.31
14,1,1873802021,40,0.01,99.31
15,1,1873802021,70,0.001,99.09
16,1,1873802021,70,0.005,98.5
17,1,1873802021,70,0.01,98.94
26,3,4161629677,10,0.001,99.38
27,3,4161629677,10,0.005,99.24
28,3,4161629677,10,0.01,99.18
29,3,4161629677,40,0.001,99.49
30,3,4161629677,40,0.005,99.33
31,3,4161629677,40,0.01,99.18
32,3,4161629677,70,0.001,99.06
33,3,4161629677,70,0.005,98.99
34,3,4161629677,70,0.01,99.08
35,4,3320087860,10,0.001,99.32
36,4,3320087860,10,0.005,99.15
37,4,3320087860,10,0.01,99.15
38,4,3320087860,40,0.001,99.44
39,4,3320087860,40,0.005,99.36
40,4,3320087860,40,0.01,99.32
41,4,3320087860,70,0.001,99.28
42,4,3320087860,70,0.005,98.75
43,4,3320087860,70,0.01,98.76
44,5,3440825174,10,0.001,99.41
45,5,3440825174,10,0.005,99.29
46,5,3440825174,10,0.01,99.06
47,5,3440825174,40,0.001,99.4
48,5,3440825174,40,0.005,99.16
49,5,3440825174,40,0.01,99.32
50,5,3440825174,70,0.001,98.88
51,5,3440825174,70,0.005,99.18
52,5,3440825174,70,0.01,98.83999999999999
53,6,3984784481,10,0.001,99.49
54,6,3984784481,10,0.005,99.22999999999999
55,6,3984784481,10,0.01,98.92
56,6,3984784481,40,0.001,99.35000000000001
57,6,3984784481,40,0.005,99.19
58,6,3984784481,40,0.01,99.27
59,6,3984784481,70,0.001,99.11
60,6,3984784481,70,0.005,99.16
61,6,3984784481,70,0.01,98.61999999999999
62,7,4200461366,10,0.001,99.35000000000001
63,7,4200461366,10,0.005,99.33
64,7,4200461366,10,0.01,99.25
65,7,4200461366,40,0.001,99.52
66,7,4200461366,40,0.005,99.24
67,7,4200461366,40,0.01,99.3
68,7,4200461366,70,0.001,99.17
69,7,4200461366,70,0.005,98.86
70,7,4200461366,70,0.01,98.57000000000001
71,8,2357755444,10,0.001,99.09
72,8,2357755444,10,0.005,99.3
73,8,2357755444,10,0.01,99.29
74,8,2357755444,40,0.001,99.28
75,8,2357755444,40,0.005,99.33
76,8,2357755444,40,0.01,99.27
77,8,2357755444,70,0.001,98.95
78,8,2357755444,70,0.005,99.06
79,8,2357755444,70,0.01,98.72999999999999
80,9,2589165334,10,0.001,99.27
81,9,2589165334,10,0.005,99.09
82,9,2589165334,10,0.01,99.41
83,9,2589165334,40,0.001,99.51
84,9,2589165334,40,0.005,99.31
85,9,2589165334,40,0.01,99.37
86,9,2589165334,70,0.001,98.55000000000001
87,9,2589165334,70,0.005,99.00999999999999
88,9,2589165334,70,0.01,98.81
89,10,3635465597,10,0.001,99.2
90,10,3635465597,10,0.005,99.26
91,10,3635465597,10,0.01,99.15
92,10,3635465597,40,0.001,99.52
93,10,3635465597,40,0.005,99.17
94,10,3635465597,40,0.01,99.21
95,10,3635465597,70,0.001,99.03999999999999
96,10,3635465597,70,0.005,99.09
97,10,3635465597,70,0.01,98.97
98,11,843939594,10,0.001,99.35000000000001
99,11,843939594,10,0.005,99.1
100,11,843939594,10,0.01,99.21
101,11,843939594,40,0.001,99.51
102,11,843939594,40,0.005,99.4
103,11,843939594,40,0.01,99.25
104,11,843939594,70,0.001,99.26
105,11,843939594,70,0.005,98.6
106,11,843939594,70,0.01,99.15
107,12,101458091,10,0.001,99.42
108,12,101458091,10,0.005,99.29
109,12,101458091,10,0.01,99.35000000000001
110,12,101458091,40,0.001,99.4
111,12,101458091,40,0.005,99.33999999999999
112,12,101458091,40,0.01,99.36
113,12,101458091,70,0.001,98.82
114,12,101458091,70,0.005,98.89
115,12,101458091,70,0.01,99.08
116,13,1060185988,10,0.001,99.39
117,13,1060185988,10,0.005,99.16
118,13,1060185988,10,0.01,99.28
119,13,1060185988,40,0.001,99.42999999999999
120,13,1060185988,40,0.005,99.22
121,13,1060185988,40,0.01,99.3
122,13,1060185988,70,0.001,98.86
123,13,1060185988,70,0.005,99.18
124,13,1060185988,70,0.01,98.99
125,14,1065722519,10,0.001,99.05000000000001
126,14,1065722519,10,0.005,99.21
127,14,1065722519,10,0.01,99.14
128,14,1065722519,40,0.001,99.47
129,14,1065722519,40,0.005,99.37
130,14,1065722519,40,0.01,99.41
131,14,1065722519,70,0.001,98.87
132,14,1065722519,70,0.005,98.95
133,14,1065722519,70,0.01,98.88
134,15,1080965932,10,0.001,99.41
135,15,1080965932,10,0.005,99.2
136,15,1080965932,10,0.01,99.2
137,15,1080965932,40,0.001,99.42
138,15,1080965932,40,0.005,99.26
139,15,1080965932,40,0.01,99.33999999999999
140,15,1080965932,70,0.001,98.91
141,15,1080965932,70,0.005,99.03999999999999
142,15,1080965932,70,0.01,98.56
143,16,1168912469,10,0.001,99.14
144,16,1168912469,10,0.005,99.33
145,16,1168912469,10,0.01,99.05000000000001
146,16,1168912469,40,0.001,99.37
147,16,1168912469,40,0.005,99.33
148,16,1168912469,40,0.01,99.38
149,16,1168912469,70,0.001,99.00999999999999
150,16,1168912469,70,0.005,99.00999999999999
151,16,1168912469,70,0.01,98.91
152,17,1216801442,10,0.001,99.31
153,17,1216801442,10,0.005,99.4
154,17,1216801442,10,0.01,99.27
155,17,1216801442,40,0.001,99.26
156,17,1216801442,40,0.005,99.27
157,17,1216801442,40,0.01,99.37
158,17,1216801442,70,0.001,99.11999999999999
159,17,1216801442,70,0.005,98.85000000000001
160,17,1216801442,70,0.01,98.95
161,18,129244964,10,0.001,99.38
162,18,129244964,10,0.005,99.27
163,18,129244964,10,0.01,99.13
164,18,129244964,40,0.001,99.36
165,18,129244964,40,0.005,99.47
166,18,129244964,40,0.01,99.36
167,18,129244964,70,0.001,99.11
168,18,129244964,70,0.005,98.8
169,18,129244964,70,0.01,98.82
170,19,1298172020,10,0.001,99.38
171,19,1298172020,10,0.005,99.22
172,19,1298172020,10,0.01,98.97
173,19,1298172020,40,0.001,99.42
174,19,1298172020,40,0.005,99.35000000000001
175,19,1298172020,40,0.01,99.45
176,19,1298172020,70,0.001,99.03
177,19,1298172020,70,0.005,99.13
178,19,1298172020,70,0.01,98.91
179,20,1306727413,10,0.001,99.33
180,20,1306727413,10,0.005,99.15
181,20,1306727413,10,0.01,99.28
182,20,1306727413,40,0.001,99.39
183,20,1306727413,40,0.005,99.36
184,20,1306727413,40,0.01,99.28
185,20,1306727413,70,0.001,99.11
186,20,1306727413,70,0.005,99.15
187,20,1306727413,70,0.01,99.09
196,22,1329815236,10,0.001,99.22
197,22,1329815236,10,0.005,99.11999999999999
198,22,1329815236,10,0.01,99.22
199,22,1329815236,40,0.001,99.42
200,22,1329815236,40,0.005,99.35000000000001
201,22,1329815236,40,0.01,99.21
202,22,1329815236,70,0.001,98.92999999999999
203,22,1329815236,70,0.005,98.77
204,22,1329815236,70,0.01,98.89
205,23,1360369472,10,0.001,99.17
206,23,1360369472,10,0.005,99.47
207,23,1360369472,10,0.01,99.22
208,23,1360369472,40,0.001,99.38
209,23,1360369472,40,0.005,99.25
210,23,1360369472,40,0.01,99.36
211,23,1360369472,70,0.001,98.94
212,23,1360369472,70,0.005,99.21
213,23,1360369472,70,0.01,99.07000000000001
214,24,1360943022,10,0.001,99.33999999999999
215,24,1360943022,10,0.005,99.27
216,24,1360943022,10,0.01,99.28
217,24,1360943022,40,0.001,99.52
218,24,1360943022,40,0.005,99.35000000000001
219,24,1360943022,40,0.01,99.5
220,24,1360943022,70,0.001,99.19
221,24,1360943022,70,0.005,99.02
222,24,1360943022,70,0.01,98.99
223,25,1407190170,10,0.001,99.36
224,25,1407190170,10,0.005,99.17
225,25,1407190170,10,0.01,99.15
226,25,1407190170,40,0.001,99.45
227,25,1407190170,40,0.005,99.35000000000001
228,25,1407190170,40,0.01,99.25
229,25,1407190170,70,0.001,98.96000000000001
230,25,1407190170,70,0.005,98.36
231,25,1407190170,70,0.01,98.82
232,26,1428135644,10,0.001,99.27
233,26,1428135644,10,0.005,99.32
234,26,1428135644,10,0.01,99.22
235,26,1428135644,40,0.001,99.5
236,26,1428135644,40,0.005,99.33999999999999
237,26,1428135644,40,0.01,99.33
238,26,1428135644,70,0.001,99.36
239,26,1428135644,70,0.005,98.79
240,26,1428135644,70,0.01,98.91
241,27,1460998896,10,0.001,99.38
242,27,1460998896,10,0.005,99.31
243,27,1460998896,10,0.01,99.17
244,27,1460998896,40,0.001,99.49
245,27,1460998896,40,0.005,99.26
246,27,1460998896,40,0.01,99.3
247,27,1460998896,70,0.001,99.25
248,27,1460998896,70,0.005,98.94
249,27,1460998896,70,0.01,98.88
250,28,1484821742,10,0.001,99.28
251,28,1484821742,10,0.005,99.31
252,28,1484821742,10,0.01,99.21
253,28,1484821742,40,0.001,99.46000000000001
254,28,1484821742,40,0.005,99.27
255,28,1484821742,40,0.01,99.3
256,28,1484821742,70,0.001,99.11999999999999
257,28,1484821742,70,0.005,98.92999999999999
258,28,1484821742,70,0.01,98.91
259,29,1489909827,10,0.001,99.32
260,29,1489909827,10,0.005,99.29
261,29,1489909827,10,0.01,99.22
262,29,1489909827,40,0.001,99.36
263,29,1489909827,40,0.005,99.33999999999999
264,29,1489909827,40,0.01,99.37
265,29,1489909827,70,0.001,99.07000000000001
266,29,1489909827,70,0.005,98.92
267,29,1489909827,70,0.01,98.76
268,30,1500011452,10,0.001,99.22
269,30,1500011452,10,0.005,99.31
270,30,1500011452,10,0.01,99.21
271,30,1500011452,40,0.001,99.45
272,30,1500011452,40,0.005,99.29
273,30,1500011452,40,0.01,99.32
274,30,1500011452,70,0.001,99.1
275,30,1500011452,70,0.005,98.96000000000001
276,30,1500011452,70,0.01,98.99
277,31,1608026798,10,0.001,99.21
278,31,1608026798,10,0.005,99.29
279,31,1608026798,10,0.01,99.27
280,31,1608026798,40,0.001,99.37
281,31,1608026798,40,0.005,99.31
282,31,1608026798,40,0.01,99.22999999999999
283,31,1608026798,70,0.001,99.26
284,31,1608026798,70,0.005,99.11999999999999
285,31,1608026798,70,0.01,98.83999999999999
286,32,1657595646,10,0.001,99.11
287,32,1657595646,10,0.005,99.24
288,32,1657595646,10,0.01,99.32
289,32,1657595646,40,0.001,99.37
290,32,1657595646,40,0.005,99.3
291,32,1657595646,40,0.01,99.33999999999999
292,32,1657595646,70,0.001,98.96000000000001
293,32,1657595646,70,0.005,99.03999999999999
294,32,1657595646,70,0.01,98.99
295,33,1774820585,10,0.001,99.22999999999999
296,33,1774820585,10,0.005,99.11
297,33,1774820585,10,0.01,99.17
298,33,1774820585,40,0.001,99.6
299,33,1774820585,40,0.005,99.22999999999999
300,33,1774820585,40,0.01,99.37
301,33,1774820585,70,0.001,99.3
302,33,1774820585,70,0.005,99.11999999999999
303,33,1774820585,70,0.01,98.92999999999999
304,34,1818045884,10,0.001,99.29
305,34,1818045884,10,0.005,99.26
306,34,1818045884,10,0.01,99.13
307,34,1818045884,40,0.001,99.53
308,34,1818045884,40,0.005,99.33
309,34,1818045884,40,0.01,99.27
310,34,1818045884,70,0.001,99.0
311,34,1818045884,70,0.005,99.03999999999999
312,34,1818045884,70,0.01,98.83
313,35,1870182756,10,0.001,99.47
314,35,1870182756,10,0.005,99.24
315,35,1870182756,10,0.01,99.41
316,35,1870182756,40,0.001,99.39
317,35,1870182756,40,0.005,99.38
318,35,1870182756,40,0.01,99.3
319,35,1870182756,70,0.001,99.00999999999999
320,35,1870182756,70,0.005,98.66
321,35,1870182756,70,0.01,98.71
322,36,1924016057,10,0.001,99.33
323,36,1924016057,10,0.005,99.32
324,36,1924016057,10,0.01,99.31
325,36,1924016057,40,0.001,99.27
326,36,1924016057,40,0.005,99.31
327,36,1924016057,40,0.01,99.38
328,36,1924016057,70,0.001,99.16
329,36,1924016057,70,0.005,98.65
330,36,1924016057,70,0.01,98.77
331,37,1939426539,10,0.001,99.17
332,37,1939426539,10,0.005,99.22
333,37,1939426539,10,0.01,99.17
334,37,1939426539,40,0.001,99.4
335,37,1939426539,40,0.005,99.31
336,37,1939426539,40,0.01,99.21
337,37,1939426539,70,0.001,99.03
338,37,1939426539,70,0.005,98.96000000000001
339,37,1939426539,70,0.01,99.03
340,38,194463276,10,0.001,99.45
341,38,194463276,10,0.005,99.22
342,38,194463276,10,0.01,99.29
343,38,194463276,40,0.001,99.42
344,38,194463276,40,0.005,99.33
345,38,194463276,40,0.01,99.33
346,38,194463276,70,0.001,99.00999999999999
347,38,194463276,70,0.005,98.91
348,38,194463276,70,0.01,98.61
349,39,1945629336,10,0.001,99.27
350,39,1945629336,10,0.005,99.17
351,39,1945629336,10,0.01,99.19
352,39,1945629336,40,0.001,99.45
353,39,1945629336,40,0.005,99.29
354,39,1945629336,40,0.01,99.35000000000001
355,39,1945629336,70,0.001,99.07000000000001
356,39,1945629336,70,0.005,98.6
357,39,1945629336,70,0.01,98.92
358,40,1961993187,10,0.001,99.33
359,40,1961993187,10,0.005,99.24
360,40,1961993187,10,0.01,99.28
361,40,1961993187,40,0.001,99.53
362,40,1961993187,40,0.005,99.38
363,40,1961993187,40,0.01,99.14
364,40,1961993187,70,0.001,99.05000000000001
365,40,1961993187,70,0.005,99.02
366,40,1961993187,70,0.01,99.11
367,41,1988848398,10,0.001,99.19
368,41,1988848398,10,0.005,99.31
369,41,1988848398,10,0.01,99.29
370,41,1988848398,40,0.001,99.55000000000001
371,41,1988848398,40,0.005,99.31
372,41,1988848398,40,0.01,99.25
373,41,1988848398,70,0.001,99.05000000000001
374,41,1988848398,70,0.005,98.7
375,41,1988848398,70,0.01,98.71
376,42,1992646254,10,0.001,99.36
377,42,1992646254,10,0.005,99.28
378,42,1992646254,10,0.01,99.18
379,42,1992646254,40,0.001,99.48
380,42,1992646254,40,0.005,99.33999999999999
381,42,1992646254,40,0.01,99.41
382,42,1992646254,70,0.001,99.02
383,42,1992646254,70,0.005,98.71
384,42,1992646254,70,0.01,98.81
385,43,2000781011,10,0.001,99.21
386,43,2000781011,10,0.005,99.22999999999999
387,43,2000781011,10,0.01,99.27
388,43,2000781011,40,0.001,99.55000000000001
389,43,2000781011,40,0.005,99.39
390,43,2000781011,40,0.01,99.3
391,43,2000781011,70,0.001,99.26
392,43,2000781011,70,0.005,99.13
393,43,2000781011,70,0.01,99.02
394,44,20405279,10,0.001,99.3
395,44,20405279,10,0.005,99.26
396,44,20405279,10,0.01,99.17
397,44,20405279,40,0.001,99.52
398,44,20405279,40,0.005,99.3
399,44,20405279,40,0.01,99.29
400,44,20405279,70,0.001,98.98
401,44,20405279,70,0.005,98.72999999999999
402,44,20405279,70,0.01,98.85000000000001
403,45,2046464199,10,0.001,99.36
404,45,2046464199,10,0.005,99.21
405,45,2046464199,10,0.01,99.21
406,45,2046464199,40,0.001,99.32
407,45,2046464199,40,0.005,99.3
408,45,2046464199,40,0.01,99.28
409,45,2046464199,70,0.001,98.88
410,45,2046464199,70,0.005,99.06
411,45,2046464199,70,0.01,98.79
420,47,2067139019,10,0.001,99.3
421,47,2067139019,10,0.005,99.21
422,47,2067139019,10,0.01,99.13
423,47,2067139019,40,0.001,99.42
424,47,2067139019,40,0.005,99.29
425,47,2067139019,40,0.01,99.42999999999999
426,47,2067139019,70,0.001,98.92999999999999
427,47,2067139019,70,0.005,98.75
428,47,2067139019,70,0.01,99.17
429,48,2086452010,10,0.001,99.17
430,48,2086452010,10,0.005,99.27
431,48,2086452010,10,0.01,99.1
432,48,2086452010,40,0.001,99.41
433,48,2086452010,40,0.005,99.46000000000001
434,48,2086452010,40,0.01,99.38
435,48,2086452010,70,0.001,99.22999999999999
436,48,2086452010,70,0.005,99.09
437,48,2086452010,70,0.01,99.11
438,49,2089596685,10,0.001,99.32
439,49,2089596685,10,0.005,99.22999999999999
440,49,2089596685,10,0.01,99.26
441,49,2089596685,40,0.001,99.37
442,49,2089596685,40,0.005,99.41
443,49,2089596685,40,0.01,99.22
444,49,2089596685,70,0.001,99.3
445,49,2089596685,70,0.005,98.77
446,49,2089596685,70,0.01,98.77
455,51,2182375314,10,0.001,99.32
456,51,2182375314,10,0.005,99.17
457,51,2182375314,10,0.01,99.14
458,51,2182375314,40,0.001,99.48
459,51,2182375314,40,0.005,99.31
460,51,2182375314,40,0.01,99.33
461,51,2182375314,70,0.001,98.89
462,51,2182375314,70,0.005,98.88
463,51,2182375314,70,0.01,98.3
464,52,2211357247,10,0.001,99.2
465,52,2211357247,10,0.005,99.17
466,52,2211357247,10,0.01,99.24
467,52,2211357247,40,0.001,99.37
468,52,2211357247,40,0.005,99.46000000000001
469,52,2211357247,40,0.01,99.42
470,52,2211357247,70,0.001,98.83999999999999
471,52,2211357247,70,0.005,99.11
472,52,2211357247,70,0.01,99.00999999999999
473,53,2237511781,10,0.001,99.31
474,53,2237511781,10,0.005,99.07000000000001
475,53,2237511781,10,0.01,99.18
476,53,2237511781,40,0.001,99.39
477,53,2237511781,40,0.005,99.32
478,53,2237511781,40,0.01,99.27
479,53,2237511781,70,0.001,98.99
480,53,2237511781,70,0.005,98.91
481,53,2237511781,70,0.01,98.28
482,54,2267540437,10,0.001,99.19
483,54,2267540437,10,0.005,99.26
484,54,2267540437,10,0.01,99.32
485,54,2267540437,40,0.001,99.45
486,54,2267540437,40,0.005,99.4
487,54,2267540437,40,0.01,99.24
488,54,2267540437,70,0.001,99.22
489,54,2267540437,70,0.005,98.72999999999999
490,54,2267540437,70,0.01,98.69
491,55,2310252952,10,0.001,99.38
492,55,2310252952,10,0.005,99.07000000000001
493,55,2310252952,10,0.01,99.18
494,55,2310252952,40,0.001,99.36
495,55,2310252952,40,0.005,99.45
496,55,2310252952,40,0.01,99.31
497,55,2310252952,70,0.001,99.11
498,55,2310252952,70,0.005,98.78
499,55,2310252952,70,0.01,98.89
500,56,2324187639,10,0.001,99.35000000000001
501,56,2324187639,10,0.005,99.24
502,56,2324187639,10,0.01,99.19
503,56,2324187639,40,0.001,99.45
504,56,2324187639,40,0.005,99.29
505,56,2324187639,40,0.01,99.29
506,56,2324187639,70,0.001,99.03999999999999
507,56,2324187639,70,0.005,98.81
508,56,2324187639,70,0.01,99.02
509,57,2360865184,10,0.001,99.3
510,57,2360865184,10,0.005,99.14
511,57,2360865184,10,0.01,99.14
512,57,2360865184,40,0.001,99.42
513,57,2360865184,40,0.005,99.24
514,57,2360865184,40,0.01,99.41
515,57,2360865184,70,0.001,98.98
516,57,2360865184,70,0.005,99.00999999999999
517,57,2360865184,70,0.01,99.09
518,58,2385271517,10,0.001,99.29
519,58,2385271517,10,0.005,99.42999999999999
520,58,2385271517,10,0.01,99.27
521,58,2385271517,40,0.001,99.15
522,58,2385271517,40,0.005,99.33999999999999
523,58,2385271517,40,0.01,99.32
524,58,2385271517,70,0.001,99.13
525,58,2385271517,70,0.005,98.96000000000001
526,58,2385271517,70,0.01,99.14
527,59,240836942,10,0.001,99.37
528,59,240836942,10,0.005,99.22999999999999
529,59,240836942,10,0.01,99.24
530,59,240836942,40,0.001,99.55000000000001
531,59,240836942,40,0.005,99.39
532,59,240836942,40,0.01,99.1
533,59,240836942,70,0.001,99.1
534,59,240836942,70,0.005,99.0
535,59,240836942,70,0.01,99.11
536,60,2432527521,10,0.001,99.2
537,60,2432527521,10,0.005,99.25
538,60,2432527521,10,0.01,99.06
539,60,2432527521,40,0.001,99.42
540,60,2432527521,40,0.005,99.36
541,60,2432527521,40,0.01,99.26
542,60,2432527521,70,0.001,98.56
543,60,2432527521,70,0.005,99.06
544,60,2432527521,70,0.01,98.92999999999999
545,61,2483775775,10,0.001,99.32
546,61,2483775775,10,0.005,99.14
547,61,2483775775,10,0.01,99.2
548,61,2483775775,40,0.001,99.45
549,61,2483775775,40,0.005,99.31
550,61,2483775775,40,0.01,99.26
551,61,2483775775,70,0.001,99.03999999999999
552,61,2483775775,70,0.005,99.07000000000001
553,61,2483775775,70,0.01,98.46000000000001
554,62,2497468744,10,0.001,99.24
555,62,2497468744,10,0.005,99.25
556,62,2497468744,10,0.01,99.19
557,62,2497468744,40,0.001,99.39
558,62,2497468744,40,0.005,99.28
559,62,2497468744,40,0.01,99.29
560,62,2497468744,70,0.001,99.19
561,62,2497468744,70,0.005,98.96000000000001
562,62,2497468744,70,0.01,98.91
563,63,2511520581,10,0.001,99.36
564,63,2511520581,10,0.005,99.16
565,63,2511520581,10,0.01,99.26
566,63,2511520581,40,0.001,99.46000000000001
567,63,2511520581,40,0.005,99.41
568,63,2511520581,40,0.01,99.29
569,63,2511520581,70,0.001,99.24
570,63,2511520581,70,0.005,99.03
571,63,2511520581,70,0.01,98.61999999999999
572,64,2515619726,10,0.001,99.37
573,64,2515619726,10,0.005,99.33999999999999
574,64,2515619726,10,0.01,99.16
575,64,2515619726,40,0.001,99.35000000000001
576,64,2515619726,40,0.005,99.13
577,64,2515619726,40,0.01,99.26
578,64,2515619726,70,0.001,99.19
579,64,2515619726,70,0.005,98.81
580,64,2515619726,70,0.01,98.92
581,65,2529251996,10,0.001,99.11999999999999
582,65,2529251996,10,0.005,99.24
583,65,2529251996,10,0.01,99.26
584,65,2529251996,40,0.001,99.48
585,65,2529251996,40,0.005,99.33
586,65,2529251996,40,0.01,99.36
587,65,2529251996,70,0.001,99.09
588,65,2529251996,70,0.005,98.82
589,65,2529251996,70,0.01,99.09
590,66,2532536610,10,0.001,99.33999999999999
591,66,2532536610,10,0.005,99.32
592,66,2532536610,10,0.01,98.99
593,66,2532536610,40,0.001,99.29
594,66,2532536610,40,0.005,99.37
595,66,2532536610,40,0.01,99.24
596,66,2532536610,70,0.001,99.22
597,66,2532536610,70,0.005,98.77
598,66,2532536610,70,0.01,98.89
599,67,255510853,10,0.001,99.3
600,67,255510853,10,0.005,99.03999999999999
601,67,255510853,10,0.01,99.29
602,67,255510853,40,0.001,99.39
603,67,255510853,40,0.005,99.29
604,67,255510853,40,0.01,99.35000000000001
605,67,255510853,70,0.001,99.03
606,67,255510853,70,0.005,99.06
607,67,255510853,70,0.01,98.37
608,68,255882314,10,0.001,99.24
609,68,255882314,10,0.005,99.14
610,68,255882314,10,0.01,99.29
611,68,255882314,40,0.001,99.21
612,68,255882314,40,0.005,99.33
613,68,255882314,40,0.01,99.25
614,68,255882314,70,0.001,98.25
615,68,255882314,70,0.005,99.03
616,68,255882314,70,0.01,98.89
617,69,259157639,10,0.001,99.3
618,69,259157639,10,0.005,99.17
619,69,259157639,10,0.01,98.99
620,69,259157639,40,0.001,99.33999999999999
621,69,259157639,40,0.005,99.42
622,69,259157639,40,0.01,99.33
623,69,259157639,70,0.001,99.16
624,69,259157639,70,0.005,98.68
625,69,259157639,70,0.01,98.94
626,70,2593958864,10,0.001,99.29
627,70,2593958864,10,0.005,99.3
628,70,2593958864,10,0.01,99.22999999999999
629,70,2593958864,40,0.001,99.51
630,70,2593958864,40,0.005,99.3
631,70,2593958864,40,0.01,99.4
632,70,2593958864,70,0.001,99.05000000000001
633,70,2593958864,70,0.005,99.15
634,70,2593958864,70,0.01,98.6
635,71,2614903653,10,0.001,99.07000000000001
636,71,2614903653,10,0.005,99.24
637,71,2614903653,10,0.01,99.19
638,71,2614903653,40,0.001,99.27
639,71,2614903653,40,0.005,99.26
640,71,2614903653,40,0.01,99.33999999999999
641,71,2614903653,70,0.001,98.88
642,71,2614903653,70,0.005,99.00999999999999
643,71,2614903653,70,0.01,99.07000000000001
644,72,2697657113,10,0.001,99.18
645,72,2697657113,10,0.005,99.22999999999999
646,72,2697657113,10,0.01,99.26
647,72,2697657113,40,0.001,99.35000000000001
648,72,2697657113,40,0.005,99.29
649,72,2697657113,40,0.01,99.44
650,72,2697657113,70,0.001,99.03
651,72,2697657113,70,0.005,99.03
652,72,2697657113,70,0.01,98.89
653,73,2730238063,10,0.001,99.3
654,73,2730238063,10,0.005,99.29
655,73,2730238063,10,0.01,99.18
656,73,2730238063,40,0.001,99.33
657,73,2730238063,40,0.005,99.32
658,73,2730238063,40,0.01,99.28
659,73,2730238063,70,0.001,99.21
660,73,2730238063,70,0.005,99.02
661,73,2730238063,70,0.01,99.05000000000001
662,74,2757040540,10,0.001,99.17
663,74,2757040540,10,0.005,99.13
664,74,2757040540,10,0.01,99.09
665,74,2757040540,40,0.001,99.46000000000001
666,74,2757040540,40,0.005,99.42
667,74,2757040540,40,0.01,99.46000000000001
668,74,2757040540,70,0.001,98.42999999999999
669,74,2757040540,70,0.005,98.65
670,74,2757040540,70,0.01,99.00999999999999
671,75,2776040634,10,0.001,99.27
672,75,2776040634,10,0.005,99.35000000000001
673,75,2776040634,10,0.01,98.88
674,75,2776040634,40,0.001,99.49
675,75,2776040634,40,0.005,99.19
676,75,2776040634,40,0.01,99.19
677,75,2776040634,70,0.001,98.97
678,75,2776040634,70,0.005,99.13
679,75,2776040634,70,0.01,98.77
680,76,2892625031,10,0.001,99.37
681,76,2892625031,10,0.005,99.19
682,76,2892625031,10,0.01,99.07000000000001
683,76,2892625031,40,0.001,99.38
684,76,2892625031,40,0.005,99.36
685,76,2892625031,40,0.01,99.29
686,76,2892625031,70,0.001,98.98
687,76,2892625031,70,0.005,98.71
688,76,2892625031,70,0.01,98.8
689,77,2896982052,10,0.001,99.37
690,77,2896982052,10,0.005,99.03
691,77,2896982052,10,0.01,99.33
692,77,2896982052,40,0.001,99.55000000000001
693,77,2896982052,40,0.005,99.39
694,77,2896982052,40,0.01,99.39
695,77,2896982052,70,0.001,98.9
696,77,2896982052,70,0.005,98.6
697,77,2896982052,70,0.01,99.08
698,78,2905537244,10,0.001,99.19
699,78,2905537244,10,0.005,99.17
700,78,2905537244,10,0.01,99.35000000000001
701,78,2905537244,40,0.001,99.53
702,78,2905537244,40,0.005,99.39
703,78,2905537244,40,0.01,99.17
704,78,2905537244,70,0.001,98.91
705,78,2905537244,70,0.005,99.21
706,78,2905537244,70,0.01,98.39
707,79,2972481434,10,0.001,99.19
708,79,2972481434,10,0.005,99.03999999999999
709,79,2972481434,10,0.01,99.21
710,79,2972481434,40,0.001,99.22
711,79,2972481434,40,0.005,99.32
712,79,2972481434,40,0.01,99.32
713,79,2972481434,70,0.001,99.06
714,79,2972481434,70,0.005,98.94
715,79,2972481434,70,0.01,98.85000000000001
716,80,3074348097,10,0.001,99.37
717,80,3074348097,10,0.005,99.22
718,80,3074348097,10,0.01,99.26
719,80,3074348097,40,0.001,99.31
720,80,3074348097,40,0.005,99.39
721,80,3074348097,40,0.01,99.31
722,80,3074348097,70,0.001,98.89
723,80,3074348097,70,0.005,99.2
724,80,3074348097,70,0.01,98.79
725,81,3101554985,10,0.001,99.21
726,81,3101554985,10,0.005,99.31
727,81,3101554985,10,0.01,99.22
728,81,3101554985,40,0.001,99.38
729,81,3101554985,40,0.005,99.27
730,81,3101554985,40,0.01,99.29
731,81,3101554985,70,0.001,99.17
732,81,3101554985,70,0.005,99.2
733,81,3101554985,70,0.01,98.83999999999999
734,82,3134028926,10,0.001,99.29
735,82,3134028926,10,0.005,99.16
736,82,3134028926,10,0.01,99.24
737,82,3134028926,40,0.001,99.37
738,82,3134028926,40,0.005,99.33999999999999
739,82,3134028926,40,0.01,99.29
740,82,3134028926,70,0.001,98.86
741,82,3134028926,70,0.005,98.96000000000001
742,82,3134028926,70,0.01,99.11
743,83,3175112504,10,0.001,99.25
744,83,3175112504,10,0.005,99.22999999999999
745,83,3175112504,10,0.01,99.14
746,83,3175112504,40,0.001,99.33
747,83,3175112504,40,0.005,99.42999999999999
748,83,3175112504,40,0.01,99.38
749,83,3175112504,70,0.001,99.02
750,83,3175112504,70,0.005,98.96000000000001
751,83,3175112504,70,0.01,98.96000000000001
752,84,3248655040,10,0.001,99.25
753,84,3248655040,10,0.005,99.33
754,84,3248655040,10,0.01,99.4
755,84,3248655040,40,0.001,99.36
756,84,3248655040,40,0.005,99.22
757,84,3248655040,40,0.01,99.41
758,84,3248655040,70,0.001,99.11
759,84,3248655040,70,0.005,98.92999999999999
760,84,3248655040,70,0.01,98.92
761,85,3484569505,10,0.001,99.28
762,85,3484569505,10,0.005,99.3
763,85,3484569505,10,0.01,99.19
764,85,3484569505,40,0.001,99.41
765,85,3484569505,40,0.005,99.3
766,85,3484569505,40,0.01,99.32
767,85,3484569505,70,0.001,99.22
768,85,3484569505,70,0.005,98.88
769,85,3484569505,70,0.01,99.31
770,86,3567508987,10,0.001,99.26
771,86,3567508987,10,0.005,99.03
772,86,3567508987,10,0.01,99.21
773,86,3567508987,40,0.001,99.42
774,86,3567508987,40,0.005,99.3
775,86,3567508987,40,0.01,99.28
776,86,3567508987,70,0.001,99.13
777,86,3567508987,70,0.005,98.72999999999999
778,86,3567508987,70,0.01,98.9
779,87,3683313580,10,0.001,99.15
780,87,3683313580,10,0.005,99.18
781,87,3683313580,10,0.01,99.22999999999999
782,87,3683313580,40,0.001,99.42
783,87,3683313580,40,0.005,99.32
784,87,3683313580,40,0.01,99.33999999999999
785,87,3683313580,70,0.001,99.09
786,87,3683313580,70,0.005,99.0
787,87,3683313580,70,0.01,99.06
788,88,3713613164,10,0.001,99.36
789,88,3713613164,10,0.005,99.16
790,88,3713613164,10,0.01,99.32
791,88,3713613164,40,0.001,99.38
792,88,3713613164,40,0.005,99.33
793,88,3713613164,40,0.01,99.18
794,88,3713613164,70,0.001,99.19
795,88,3713613164,70,0.005,99.06
796,88,3713613164,70,0.01,99.2
797,89,3726907830,10,0.001,99.25
798,89,3726907830,10,0.005,99.26
799,89,3726907830,10,0.01,99.07000000000001
800,89,3726907830,40,0.001,99.47
801,89,3726907830,40,0.005,99.3
802,89,3726907830,40,0.01,99.35000000000001
803,89,3726907830,70,0.001,99.28
804,89,3726907830,70,0.005,99.27
805,89,3726907830,70,0.01,98.98
806,90,3815965944,10,0.001,99.38
807,90,3815965944,10,0.005,99.22999999999999
808,90,3815965944,10,0.01,99.09
809,90,3815965944,40,0.001,99.31
810,90,3815965944,40,0.005,99.37
811,90,3815965944,40,0.01,99.45
812,90,3815965944,70,0.001,99.11999999999999
813,90,3815965944,70,0.005,99.15
814,90,3815965944,70,0.01,98.83999999999999
815,91,3886146788,10,0.001,99.31
816,91,3886146788,10,0.005,99.39
817,91,3886146788,10,0.01,99.02
818,91,3886146788,40,0.001,99.47
819,91,3886146788,40,0.005,99.25
820,91,3886146788,40,0.01,99.33999999999999
821,91,3886146788,70,0.001,99.21
822,91,3886146788,70,0.005,98.96000000000001
823,91,3886146788,70,0.01,98.9
824,92,3889214724,10,0.001,99.31
825,92,3889214724,10,0.005,99.15
826,92,3889214724,10,0.01,99.33999999999999
827,92,3889214724,40,0.001,99.38
828,92,3889214724,40,0.005,99.37
829,92,3889214724,40,0.01,99.4
830,92,3889214724,70,0.001,99.15
831,92,3889214724,70,0.005,98.96000000000001
832,92,3889214724,70,0.01,98.71
833,93,3904435539,10,0.001,99.38
834,93,3904435539,10,0.005,99.3
835,93,3904435539,10,0.01,99.25
836,93,3904435539,40,0.001,99.32
837,93,3904435539,40,0.005,99.22999999999999
838,93,3904435539,40,0.01,98.91
839,93,3904435539,70,0.001,99.11
840,93,3904435539,70,0.005,98.79
841,93,3904435539,70,0.01,98.9
842,94,3934109237,10,0.001,99.39
843,94,3934109237,10,0.005,99.03
844,94,3934109237,10,0.01,99.19
845,94,3934109237,40,0.001,99.44
846,94,3934109237,40,0.005,99.25
847,94,3934109237,40,0.01,99.22999999999999
848,94,3934109237,70,0.001,98.97
849,94,3934109237,70,0.005,99.03
850,94,3934109237,70,0.01,98.92
851,95,3941466651,10,0.001,99.25
852,95,3941466651,10,0.005,99.35000000000001
853,95,3941466651,10,0.01,99.22999999999999
854,95,3941466651,40,0.001,99.44
855,95,3941466651,40,0.005,99.26
856,95,3941466651,40,0.01,99.19
857,95,3941466651,70,0.001,99.03
858,95,3941466651,70,0.005,99.27
859,95,3941466651,70,0.01,98.61999999999999
860,96,3947735462,10,0.001,99.33999999999999
861,96,3947735462,10,0.005,99.15
862,96,3947735462,10,0.01,99.1
863,96,3947735462,40,0.001,99.18
864,96,3947735462,40,0.005,99.35000000000001
865,96,3947735462,40,0.01,99.39
866,96,3947735462,70,0.001,98.94
867,96,3947735462,70,0.005,98.94
868,96,3947735462,70,0.01,98.7
869,97,3951600961,10,0.001,99.36
870,97,3951600961,10,0.005,99.33999999999999
871,97,3951600961,10,0.01,99.15
872,97,3951600961,40,0.001,99.51
873,97,3951600961,40,0.005,99.39
874,97,3951600961,40,0.01,99.37
875,97,3951600961,70,0.001,99.0
876,97,3951600961,70,0.005,98.89
877,97,3951600961,70,0.01,98.75
878,98,3995073832,10,0.001,99.33
879,98,3995073832,10,0.005,99.17
880,98,3995073832,10,0.01,99.24
881,98,3995073832,40,0.001,99.42999999999999
882,98,3995073832,40,0.005,99.4
883,98,3995073832,40,0.01,99.33999999999999
884,98,3995073832,70,0.001,99.1
885,98,3995073832,70,0.005,99.1
886,98,3995073832,70,0.01,99.06
887,99,4004188839,10,0.001,99.33
888,99,4004188839,10,0.005,99.22
889,99,4004188839,10,0.01,99.28
890,99,4004188839,40,0.001,99.42999999999999
891,99,4004188839,40,0.005,99.41
892,99,4004188839,40,0.01,99.22999999999999
893,99,4004188839,70,0.001,99.05000000000001
894,99,4004188839,70,0.005,98.19
895,99,4004188839,70,0.01,99.08
896,100,4017906703,10,0.001,99.31
897,100,4017906703,10,0.005,99.16
898,100,4017906703,10,0.01,99.19
899,100,4017906703,40,0.001,99.42999999999999
900,100,4017906703,40,0.005,99.35000000000001
901,100,4017906703,40,0.01,99.22999999999999
902,100,4017906703,70,0.001,99.03
903,100,4017906703,70,0.005,99.03999999999999
904,100,4017906703,70,0.01,98.8
905,101,4096116971,10,0.001,99.33999999999999
906,101,4096116971,10,0.005,99.31
907,101,4096116971,10,0.01,99.0
908,101,4096116971,40,0.001,99.31
909,101,4096116971,40,0.005,99.4
910,101,4096116971,40,0.01,99.44
911,101,4096116971,70,0.001,98.97
912,101,4096116971,70,0.005,99.24
913,101,4096116971,70,0.01,98.91
914,102,4129746735,10,0.001,99.14
915,102,4129746735,10,0.005,99.32
916,102,4129746735,10,0.01,99.19
917,102,4129746735,40,0.001,99.38
918,102,4129746735,40,0.005,99.33999999999999
919,102,4129746735,40,0.01,99.19
920,102,4129746735,70,0.001,98.88
921,102,4129746735,70,0.005,99.05000000000001
922,102,4129746735,70,0.01,99.02
923,103,4195533750,10,0.001,99.18
924,103,4195533750,10,0.005,99.11999999999999
925,103,4195533750,10,0.01,99.22999999999999
926,103,4195533750,40,0.001,99.45
927,103,4195533750,40,0.005,99.35000000000001
928,103,4195533750,40,0.01,99.33
929,103,4195533750,70,0.001,99.06
930,103,4195533750,70,0.005,99.07000000000001
931,103,4195533750,70,0.01,98.8
932,104,4210826180,10,0.001,99.22
933,104,4210826180,10,0.005,99.18
934,104,4210826180,10,0.01,99.18
935,104,4210826180,40,0.001,99.4
936,104,4210826180,40,0.005,99.42999999999999
937,104,4210826180,40,0.01,99.36
938,104,4210826180,70,0.001,99.2
939,104,4210826180,70,0.005,99.05000000000001
940,104,4210826180,70,0.01,98.99
941,105,4229757850,10,0.001,99.1
942,105,4229757850,10,0.005,99.28
943,105,4229757850,10,0.01,99.2
944,105,4229757850,40,0.001,99.41
945,105,4229757850,40,0.005,99.13
946,105,4229757850,40,0.01,99.47
947,105,4229757850,70,0.001,99.1
948,105,4229757850,70,0.005,98.47
949,105,4229757850,70,0.01,98.11
950,106,466605488,10,0.001,99.19
951,106,466605488,10,0.005,98.92999999999999
952,106,466605488,10,0.01,99.29
953,106,466605488,40,0.001,99.47
954,106,466605488,40,0.005,99.11999999999999
955,106,466605488,40,0.01,99.32
956,106,466605488,70,0.001,98.86
957,106,466605488,70,0.005,98.86
958,106,466605488,70,0.01,98.94
959,107,528009547,10,0.001,99.2
960,107,528009547,10,0.005,99.17
961,107,528009547,10,0.01,99.22
962,107,528009547,40,0.001,99.38
963,107,528009547,40,0.005,99.37
964,107,528009547,40,0.01,99.46000000000001
965,107,528009547,70,0.001,98.97
966,107,528009547,70,0.005,98.96000000000001
967,107,528009547,70,0.01,99.05000000000001
968,108,567446242,10,0.001,99.33
969,108,567446242,10,0.005,99.18
970,108,567446242,10,0.01,99.21
971,108,567446242,40,0.001,99.42999999999999
972,108,567446242,40,0.005,99.44
973,108,567446242,40,0.01,99.27
974,108,567446242,70,0.001,98.97
975,108,567446242,70,0.005,99.06
976,108,567446242,70,0.01,98.72999999999999
977,109,56756214,10,0.001,99.26
978,109,56756214,10,0.005,99.25
979,109,56756214,10,0.01,98.94
980,109,56756214,40,0.001,99.39
981,109,56756214,40,0.005,99.22999999999999
982,109,56756214,40,0.01,99.3
983,109,56756214,70,0.001,99.07000000000001
984,109,56756214,70,0.005,98.83999999999999
985,109,56756214,70,0.01,98.94
986,110,573762507,10,0.001,99.0
987,110,573762507,10,0.005,99.22
988,110,573762507,10,0.01,98.96000000000001
989,110,573762507,40,0.001,99.39
990,110,573762507,40,0.005,99.27
991,110,573762507,40,0.01,99.36
992,110,573762507,70,0.001,99.19
993,110,573762507,70,0.005,98.71
994,110,573762507,70,0.01,98.92999999999999
995,111,589700446,10,0.001,99.31
996,111,589700446,10,0.005,99.14
997,111,589700446,10,0.01,99.3
998,111,589700446,40,0.001,99.21
999,111,589700446,40,0.005,99.27
1000,111,589700446,40,0.01,99.22
1001,111,589700446,70,0.001,98.96000000000001
1002,111,589700446,70,0.005,99.11999999999999
1003,111,589700446,70,0.01,98.61999999999999
1004,112,593594608,10,0.001,99.33999999999999
1005,112,593594608,10,0.005,99.27
1006,112,593594608,10,0.01,99.3
1007,112,593594608,40,0.001,99.4
1008,112,593594608,40,0.005,99.42999999999999
1009,112,593594608,40,0.01,99.17
1010,112,593594608,70,0.001,99.03
1011,112,593594608,70,0.005,98.67
1012,112,593594608,70,0.01,98.86
1013,113,661786484,10,0.001,99.33
1014,113,661786484,10,0.005,99.32
1015,113,661786484,10,0.01,99.27
1016,113,661786484,40,0.001,99.32
1017,113,661786484,40,0.005,99.24
1018,113,661786484,40,0.01,99.35000000000001
1019,113,661786484,70,0.001,99.0
1020,113,661786484,70,0.005,99.11999999999999
1021,113,661786484,70,0.01,98.45
1022,114,727551200,10,0.001,99.32
1023,114,727551200,10,0.005,99.03999999999999
1024,114,727551200,10,0.01,99.15
1025,114,727551200,40,0.001,99.42999999999999
1026,114,727551200,40,0.005,99.42
1027,114,727551200,40,0.01,99.31
1028,114,727551200,70,0.001,99.16
1029,114,727551200,70,0.005,99.00999999999999
1030,114,727551200,70,0.01,98.7
1031,115,783598378,10,0.001,99.38
1032,115,783598378,10,0.005,99.29
1033,115,783598378,10,0.01,99.22999999999999
1034,115,783598378,40,0.001,99.35000000000001
1035,115,783598378,40,0.005,99.22
1036,115,783598378,40,0.01,99.41
1037,115,783598378,70,0.001,98.83
1038,115,783598378,70,0.005,98.94
1039,115,783598378,70,0.01,99.03999999999999
1040,116,82192825,10,0.001,99.11
1041,116,82192825,10,0.005,99.21
1042,116,82192825,10,0.01,99.22
1043,116,82192825,40,0.001,99.33
1044,116,82192825,40,0.005,99.24
1045,116,82192825,40,0.01,99.27
1046,116,82192825,70,0.001,98.97
1047,116,82192825,70,0.005,99.09
1048,116,82192825,70,0.01,99.11
1049,117,869521397,10,0.001,99.24
1050,117,869521397,10,0.005,99.4
1051,117,869521397,10,0.01,99.16
1052,117,869521397,40,0.001,99.52
1053,117,869521397,40,0.005,99.41
1054,117,869521397,40,0.01,99.28
1055,117,869521397,70,0.001,99.13
1056,117,869521397,70,0.005,99.05000000000001
1057,117,869521397,70,0.01,99.03
1058,118,898278827,10,0.001,99.17
1059,118,898278827,10,0.005,98.9
1060,118,898278827,10,0.01,99.19
1061,118,898278827,40,0.001,99.57000000000001
1062,118,898278827,40,0.005,99.21
1063,118,898278827,40,0.01,99.33
1064,118,898278827,70,0.001,99.21
1065,118,898278827,70,0.005,98.78
1066,118,898278827,70,0.01,98.96000000000001
1067,119,916612454,10,0.001,99.29
1068,119,916612454,10,0.005,99.27
1069,119,916612454,10,0.01,99.31
1070,119,916612454,40,0.001,99.55000000000001
1071,119,916612454,40,0.005,99.25
1072,119,916612454,40,0.01,99.36
1073,119,916612454,70,0.001,99.11
1074,119,916612454,70,0.005,99.11
1075,119,916612454,70,0.01,98.82
1076,120,1034803664,10,0.001,99.27
1077,120,1034803664,10,0.005,99.06
1078,120,1034803664,10,0.01,99.15
1079,120,1034803664,40,0.001,99.39
1080,120,1034803664,40,0.005,99.27
1081,120,1034803664,40,0.01,99.27
1082,120,1034803664,70,0.001,99.21
1083,120,1034803664,70,0.005,98.86
1084,120,1034803664,70,0.01,98.94
1085,121,1100674329,10,0.001,99.28
1086,121,1100674329,10,0.005,99.11999999999999
1087,121,1100674329,10,0.01,99.2
1088,121,1100674329,40,0.001,99.42
1089,121,1100674329,40,0.005,99.35000000000001
1090,121,1100674329,40,0.01,99.29
1091,121,1100674329,70,0.001,99.2
1092,121,1100674329,70,0.005,98.92999999999999
1093,121,1100674329,70,0.01,99.25
1094,122,123124968,10,0.001,99.26
1095,122,123124968,10,0.005,99.32
1096,122,123124968,10,0.01,99.18
1097,122,123124968,40,0.001,99.42
1098,122,123124968,40,0.005,99.27
1099,122,123124968,40,0.01,99.26
1100,122,123124968,70,0.001,98.96000000000001
1101,122,123124968,70,0.005,99.09
1102,122,123124968,70,0.01,98.78
1103,123,1247347865,10,0.001,99.1
1104,123,1247347865,10,0.005,99.09
1105,123,1247347865,10,0.01,99.22999999999999
1106,123,1247347865,40,0.001,99.27
1107,123,1247347865,40,0.005,99.31
1108,123,1247347865,40,0.01,99.3
1109,123,1247347865,70,0.001,99.18
1110,123,1247347865,70,0.005,99.03999999999999
1111,123,1247347865,70,0.01,98.9
1112,124,1325922378,10,0.001,99.31
1113,124,1325922378,10,0.005,99.16
1114,124,1325922378,10,0.01,99.18
1115,124,1325922378,40,0.001,99.36
1116,124,1325922378,40,0.005,99.36
1117,124,1325922378,40,0.01,99.38
1118,124,1325922378,70,0.001,99.05000000000001
1119,124,1325922378,70,0.005,98.95
1120,124,1325922378,70,0.01,98.88
1121,125,1333565859,10,0.001,99.28
1122,125,1333565859,10,0.005,99.27
1123,125,1333565859,10,0.01,99.09
1124,125,1333565859,40,0.001,99.36
1125,125,1333565859,40,0.005,99.24
1126,125,1333565859,40,0.01,99.35000000000001
1127,125,1333565859,70,0.001,99.16
1128,125,1333565859,70,0.005,98.47
1129,125,1333565859,70,0.01,99.06
1146,128,144612866,10,0.001,99.22999999999999
1147,128,144612866,10,0.005,99.14
1148,128,144612866,10,0.01,99.21
1149,128,144612866,40,0.001,99.47
1150,128,144612866,40,0.005,99.38
1151,128,144612866,40,0.01,99.28
1152,128,144612866,70,0.001,99.16
1153,128,144612866,70,0.005,98.6
1154,128,144612866,70,0.01,98.95
1155,129,1454745011,10,0.001,99.26
1156,129,1454745011,10,0.005,99.26
1157,129,1454745011,10,0.01,99.44
1158,129,1454745011,40,0.001,99.39
1159,129,1454745011,40,0.005,99.47
1160,129,1454745011,40,0.01,99.31
1161,129,1454745011,70,0.001,99.11999999999999
1162,129,1454745011,70,0.005,99.06
1163,129,1454745011,70,0.01,98.9
1164,130,1549916400,10,0.001,99.37
1165,130,1549916400,10,0.005,99.11999999999999
1166,130,1549916400,10,0.01,99.16
1167,130,1549916400,40,0.001,99.39
1168,130,1549916400,40,0.005,99.33
1169,130,1549916400,40,0.01,99.36
1170,130,1549916400,70,0.001,99.03
1171,130,1549916400,70,0.005,98.95
1172,130,1549916400,70,0.01,99.1
1173,131,1578807989,10,0.001,99.36
1174,131,1578807989,10,0.005,99.3
1175,131,1578807989,10,0.01,99.32
1176,131,1578807989,40,0.001,99.46000000000001
1177,131,1578807989,40,0.005,99.33
1178,131,1578807989,40,0.01,99.21
1179,131,1578807989,70,0.001,99.03999999999999
1180,131,1578807989,70,0.005,98.72
1181,131,1578807989,70,0.01,99.11999999999999
1182,132,1676582712,10,0.001,99.18
1183,132,1676582712,10,0.005,99.17
1184,132,1676582712,10,0.01,99.13
1185,132,1676582712,40,0.001,99.38
1186,132,1676582712,40,0.005,99.3
1187,132,1676582712,40,0.01,99.18
1188,132,1676582712,70,0.001,99.19
1189,132,1676582712,70,0.005,99.08
1190,132,1676582712,70,0.01,99.11999999999999
1191,133,1688308003,10,0.001,99.07000000000001
1192,133,1688308003,10,0.005,99.16
1193,133,1688308003,10,0.01,99.11
1194,133,1688308003,40,0.001,99.33
1195,133,1688308003,40,0.005,99.31
1196,133,1688308003,40,0.01,99.26
1197,133,1688308003,70,0.001,99.11
1198,133,1688308003,70,0.005,99.00999999999999
1199,133,1688308003,70,0.01,98.9
1200,134,1732054695,10,0.001,99.36
1201,134,1732054695,10,0.005,99.1
1202,134,1732054695,10,0.01,99.11999999999999
1203,134,1732054695,40,0.001,99.47
1204,134,1732054695,40,0.005,99.33
1205,134,1732054695,40,0.01,99.33
1206,134,1732054695,70,0.001,99.22999999999999
1207,134,1732054695,70,0.005,98.99
1208,134,1732054695,70,0.01,99.24
1209,135,181787561,10,0.001,99.13
1210,135,181787561,10,0.005,99.35000000000001
1211,135,181787561,10,0.01,98.97
1212,135,181787561,40,0.001,99.33
1213,135,181787561,40,0.005,99.41
1214,135,181787561,40,0.01,99.25
1215,135,181787561,70,0.001,98.97
1216,135,181787561,70,0.005,98.88
1217,135,181787561,70,0.01,98.69
1218,136,1827945436,10,0.001,99.33
1219,136,1827945436,10,0.005,99.29
1220,136,1827945436,10,0.01,99.27
1221,136,1827945436,40,0.001,99.42
1222,136,1827945436,40,0.005,99.31
1223,136,1827945436,40,0.01,99.14
1224,136,1827945436,70,0.001,99.22
1225,136,1827945436,70,0.005,98.97
1226,136,1827945436,70,0.01,99.03999999999999
1227,137,1885024668,10,0.001,99.2
1228,137,1885024668,10,0.005,99.26
1229,137,1885024668,10,0.01,99.33
1230,137,1885024668,40,0.001,99.46000000000001
1231,137,1885024668,40,0.005,99.36
1232,137,1885024668,40,0.01,99.25
1233,137,1885024668,70,0.001,99.0
1234,137,1885024668,70,0.005,98.67
1235,137,1885024668,70,0.01,99.13
1236,138,1932966003,10,0.001,99.26
1237,138,1932966003,10,0.005,99.44
1238,138,1932966003,10,0.01,99.08
1239,138,1932966003,40,0.001,99.42999999999999
1240,138,1932966003,40,0.005,99.38
1241,138,1932966003,40,0.01,99.45
1242,138,1932966003,70,0.001,98.97
1243,138,1932966003,70,0.005,98.74000000000001
1244,138,1932966003,70,0.01,98.94
1245,139,1940680878,10,0.001,99.2
1246,139,1940680878,10,0.005,99.22
1247,139,1940680878,10,0.01,99.18
1248,139,1940680878,40,0.001,99.47
1249,139,1940680878,40,0.005,99.42999999999999
1250,139,1940680878,40,0.01,99.28
1251,139,1940680878,70,0.001,99.08
1252,139,1940680878,70,0.005,98.95
1253,139,1940680878,70,0.01,98.54
1254,140,1948241901,10,0.001,99.1
1255,140,1948241901,10,0.005,99.18
1256,140,1948241901,10,0.01,99.38
1257,140,1948241901,40,0.001,99.32
1258,140,1948241901,40,0.005,99.24
1259,140,1948241901,40,0.01,99.22999999999999
1260,140,1948241901,70,0.001,98.96000000000001
1261,140,1948241901,70,0.005,98.2
1262,140,1948241901,70,0.01,99.0
1263,141,1958563144,10,0.001,99.21
1264,141,1958563144,10,0.005,99.36
1265,141,1958563144,10,0.01,99.09
1266,141,1958563144,40,0.001,99.26
1267,141,1958563144,40,0.005,99.38
1268,141,1958563144,40,0.01,99.25
1269,141,1958563144,70,0.001,98.91
1270,141,1958563144,70,0.005,98.78
1271,141,1958563144,70,0.01,99.02
1272,142,1995200064,10,0.001,99.28
1273,142,1995200064,10,0.005,99.07000000000001
1274,142,1995200064,10,0.01,99.32
1275,142,1995200064,40,0.001,99.48
1276,142,1995200064,40,0.005,99.26
1277,142,1995200064,40,0.01,99.35000000000001
1278,142,1995200064,70,0.001,98.94
1279,142,1995200064,70,0.005,99.08
1280,142,1995200064,70,0.01,98.7
1281,143,205069050,10,0.001,99.24
1282,143,205069050,10,0.005,99.19
1283,143,205069050,10,0.01,99.32
1284,143,205069050,40,0.001,99.45
1285,143,205069050,40,0.005,99.22999999999999
1286,143,205069050,40,0.01,99.25
1287,143,205069050,70,0.001,99.16
1288,143,205069050,70,0.005,98.58
1289,143,205069050,70,0.01,99.19
1290,144,2077797979,10,0.001,99.26
1291,144,2077797979,10,0.005,99.33999999999999
1292,144,2077797979,10,0.01,99.28
1293,144,2077797979,40,0.001,99.45
1294,144,2077797979,40,0.005,99.33
1295,144,2077797979,40,0.01,99.28
1296,144,2077797979,70,0.001,98.95
1297,144,2077797979,70,0.005,99.18
1298,144,2077797979,70,0.01,98.7
1299,145,2142702727,10,0.001,99.22999999999999
1300,145,2142702727,10,0.005,99.11999999999999
1301,145,2142702727,10,0.01,98.92
1302,145,2142702727,40,0.001,99.42999999999999
1303,145,2142702727,40,0.005,99.2
1304,145,2142702727,40,0.01,99.36
1305,145,2142702727,70,0.001,98.97
1306,145,2142702727,70,0.005,99.14
1307,145,2142702727,70,0.01,98.42999999999999
1308,146,215807679,10,0.001,99.26
1309,146,215807679,10,0.005,99.16
1310,146,215807679,10,0.01,99.22
1311,146,215807679,40,0.001,99.53
1312,146,215807679,40,0.005,99.46000000000001
1313,146,215807679,40,0.01,99.39
1314,146,215807679,70,0.001,99.24
1315,146,215807679,70,0.005,99.06
1316,146,215807679,70,0.01,99.05000000000001
1317,147,216343889,10,0.001,99.33
1318,147,216343889,10,0.005,99.03
1319,147,216343889,10,0.01,99.28
1320,147,216343889,40,0.001,99.36
1321,147,216343889,40,0.005,99.36
1322,147,216343889,40,0.01,99.19
1323,147,216343889,70,0.001,99.16
1324,147,216343889,70,0.005,99.0
1325,147,216343889,70,0.01,98.92
1326,148,2186206392,10,0.001,99.29
1327,148,2186206392,10,0.005,99.06
1328,148,2186206392,10,0.01,99.07000000000001
1329,148,2186206392,40,0.001,99.31
1330,148,2186206392,40,0.005,99.38
1331,148,2186206392,40,0.01,99.2
1332,148,2186206392,70,0.001,98.9
1333,148,2186206392,70,0.005,99.02
1334,148,2186206392,70,0.01,98.83
1335,149,224239220,10,0.001,99.42
1336,149,224239220,10,0.005,99.33
1337,149,224239220,10,0.01,99.33999999999999
1338,149,224239220,40,0.001,99.27
1339,149,224239220,40,0.005,99.37
1340,149,224239220,40,0.01,99.22999999999999
1341,149,224239220,70,0.001,99.22
1342,149,224239220,70,0.005,98.95
1343,149,224239220,70,0.01,98.91
1344,150,226866842,10,0.001,99.18
1345,150,226866842,10,0.005,99.27
1346,150,226866842,10,0.01,99.26
1347,150,226866842,40,0.001,99.41
1348,150,226866842,40,0.005,99.42
1349,150,226866842,40,0.01,99.08
1350,150,226866842,70,0.001,99.05000000000001
1351,150,226866842,70,0.005,99.0
1352,150,226866842,70,0.01,98.97
1353,151,2308042691,10,0.001,99.33
1354,151,2308042691,10,0.005,99.18
1355,151,2308042691,10,0.01,99.19
1356,151,2308042691,40,0.001,99.46000000000001
1357,151,2308042691,40,0.005,99.32
1358,151,2308042691,40,0.01,99.24
1359,151,2308042691,70,0.001,99.18
1360,151,2308042691,70,0.005,98.77
1361,151,2308042691,70,0.01,98.95
1362,152,2387042278,10,0.001,99.3
1363,152,2387042278,10,0.005,99.06
1364,152,2387042278,10,0.01,99.16
1365,152,2387042278,40,0.001,99.42999999999999
1366,152,2387042278,40,0.005,99.32
1367,152,2387042278,40,0.01,99.22
1368,152,2387042278,70,0.001,99.11
1369,152,2387042278,70,0.005,98.88
1370,152,2387042278,70,0.01,98.96000000000001
1371,153,2393646928,10,0.001,99.29
1372,153,2393646928,10,0.005,99.28
1373,153,2393646928,10,0.01,99.09
1374,153,2393646928,40,0.001,99.46000000000001
1375,153,2393646928,40,0.005,99.31
1376,153,2393646928,40,0.01,99.38
1377,153,2393646928,70,0.001,98.79
1378,153,2393646928,70,0.005,99.0
1379,153,2393646928,70,0.01,99.05000000000001
1380,154,242696657,10,0.001,99.11
1381,154,242696657,10,0.005,99.37
1382,154,242696657,10,0.01,99.2
1383,154,242696657,40,0.001,99.41
1384,154,242696657,40,0.005,99.4
1385,154,242696657,40,0.01,99.1
1386,154,242696657,70,0.001,99.08
1387,154,242696657,70,0.005,99.11
1388,154,242696657,70,0.01,99.02
1389,155,2480062341,10,0.001,99.32
1390,155,2480062341,10,0.005,99.06
1391,155,2480062341,10,0.01,99.21
1392,155,2480062341,40,0.001,99.45
1393,155,2480062341,40,0.005,99.24
1394,155,2480062341,40,0.01,99.36
1395,155,2480062341,70,0.001,98.92
1396,155,2480062341,70,0.005,98.89
1397,155,2480062341,70,0.01,99.09
1398,156,2504501909,10,0.001,99.35000000000001
1399,156,2504501909,10,0.005,99.1
1400,156,2504501909,10,0.01,99.22
1401,156,2504501909,40,0.001,99.38
1402,156,2504501909,40,0.005,99.33
1403,156,2504501909,40,0.01,99.24
1404,156,2504501909,70,0.001,99.22999999999999
1405,156,2504501909,70,0.005,99.08
1406,156,2504501909,70,0.01,98.9
1407,157,2518092583,10,0.001,99.33
1408,157,2518092583,10,0.005,98.96000000000001
1409,157,2518092583,10,0.01,99.08
1410,157,2518092583,40,0.001,99.32
1411,157,2518092583,40,0.005,99.37
1412,157,2518092583,40,0.01,99.47
1413,157,2518092583,70,0.001,98.91
1414,157,2518092583,70,0.005,99.03
1415,157,2518092583,70,0.01,98.98
1416,158,2565169126,10,0.001,99.2
1417,158,2565169126,10,0.005,99.4
1418,158,2565169126,10,0.01,99.28
1419,158,2565169126,40,0.001,99.33999999999999
1420,158,2565169126,40,0.005,99.39
1421,158,2565169126,40,0.01,99.21
1422,158,2565169126,70,0.001,99.1
1423,158,2565169126,70,0.005,98.92
1424,158,2565169126,70,0.01,98.87
1425,159,2658487883,10,0.001,99.3
1426,159,2658487883,10,0.005,99.11999999999999
1427,159,2658487883,10,0.01,99.33
1428,159,2658487883,40,0.001,99.41
1429,159,2658487883,40,0.005,99.42
1430,159,2658487883,40,0.01,99.33999999999999
1431,159,2658487883,70,0.001,98.71
1432,159,2658487883,70,0.005,98.92
1433,159,2658487883,70,0.01,98.98
1434,160,2766507173,10,0.001,99.36
1435,160,2766507173,10,0.005,98.98
1436,160,2766507173,10,0.01,99.18
1437,160,2766507173,40,0.001,99.44
1438,160,2766507173,40,0.005,99.37
1439,160,2766507173,40,0.01,99.35000000000001
1440,160,2766507173,70,0.001,99.14
1441,160,2766507173,70,0.005,99.2
1442,160,2766507173,70,0.01,99.11999999999999
1443,161,2869540049,10,0.001,99.33999999999999
1444,161,2869540049,10,0.005,99.3
1445,161,2869540049,10,0.01,99.32
1446,161,2869540049,40,0.001,99.45
1447,161,2869540049,40,0.005,99.35000000000001
1448,161,2869540049,40,0.01,99.15
1449,161,2869540049,70,0.001,99.24
1450,161,2869540049,70,0.005,99.15
1451,161,2869540049,70,0.01,98.6
1452,162,2917269773,10,0.001,99.3
1453,162,2917269773,10,0.005,99.11999999999999
1454,162,2917269773,10,0.01,99.22999999999999
1455,162,2917269773,40,0.001,99.4
1456,162,2917269773,40,0.005,99.33999999999999
1457,162,2917269773,40,0.01,99.33999999999999
1458,162,2917269773,70,0.001,99.15
1459,162,2917269773,70,0.005,98.99
1460,162,2917269773,70,0.01,99.02
1461,163,2933514609,10,0.001,99.33999999999999
1462,163,2933514609,10,0.005,99.29
1463,163,2933514609,10,0.01,99.21
1464,163,2933514609,40,0.001,99.3
1465,163,2933514609,40,0.005,99.41
1466,163,2933514609,40,0.01,99.31
1467,163,2933514609,70,0.001,98.79
1468,163,2933514609,70,0.005,99.05000000000001
1469,163,2933514609,70,0.01,98.89
1470,164,2983411134,10,0.001,99.22
1471,164,2983411134,10,0.005,99.26
1472,164,2983411134,10,0.01,99.32
1473,164,2983411134,40,0.001,99.38
1474,164,2983411134,40,0.005,99.41
1475,164,2983411134,40,0.01,99.38
1476,164,2983411134,70,0.001,99.14
1477,164,2983411134,70,0.005,98.98
1478,164,2983411134,70,0.01,98.66
1479,165,3140899115,10,0.001,99.22999999999999
1480,165,3140899115,10,0.005,99.29
1481,165,3140899115,10,0.01,99.09
1482,165,3140899115,40,0.001,99.44
1483,165,3140899115,40,0.005,99.39
1484,165,3140899115,40,0.01,99.3
1485,165,3140899115,70,0.001,99.03999999999999
1486,165,3140899115,70,0.005,99.06
1487,165,3140899115,70,0.01,99.03999999999999
1488,166,3192370925,10,0.001,99.32
1489,166,3192370925,10,0.005,99.24
1490,166,3192370925,10,0.01,99.2
1491,166,3192370925,40,0.001,99.4
1492,166,3192370925,40,0.005,99.37
1493,166,3192370925,40,0.01,99.29
1494,166,3192370925,70,0.001,98.92
1495,166,3192370925,70,0.005,98.96000000000001
1496,166,3192370925,70,0.01,98.97
1497,167,3295067949,10,0.001,99.14
1498,167,3295067949,10,0.005,99.3
1499,167,3295067949,10,0.01,99.21
1500,167,3295067949,40,0.001,99.37
1501,167,3295067949,40,0.005,99.29
1502,167,3295067949,40,0.01,99.24
1503,167,3295067949,70,0.001,99.07000000000001
1504,167,3295067949,70,0.005,98.99
1505,167,3295067949,70,0.01,98.96000000000001
1506,168,3295965383,10,0.001,99.28
1507,168,3295965383,10,0.005,99.29
1508,168,3295965383,10,0.01,99.19
1509,168,3295965383,40,0.001,99.42
1510,168,3295965383,40,0.005,99.35000000000001
1511,168,3295965383,40,0.01,99.28
1512,168,3295965383,70,0.001,99.17
1513,168,3295965383,70,0.005,98.72999999999999
1514,168,3295965383,70,0.01,98.85000000000001
1515,169,3361597215,10,0.001,99.36
1516,169,3361597215,10,0.005,99.1
1517,169,3361597215,10,0.01,99.22999999999999
1518,169,3361597215,40,0.001,99.42999999999999
1519,169,3361597215,40,0.005,99.28
1520,169,3361597215,40,0.01,99.32
1521,169,3361597215,70,0.001,99.27
1522,169,3361597215,70,0.005,99.13
1523,169,3361597215,70,0.01,98.85000000000001
1524,170,3388827164,10,0.001,99.29
1525,170,3388827164,10,0.005,99.17
1526,170,3388827164,10,0.01,99.16
1527,170,3388827164,40,0.001,99.41
1528,170,3388827164,40,0.005,99.29
1529,170,3388827164,40,0.01,99.24
1530,170,3388827164,70,0.001,99.00999999999999
1531,170,3388827164,70,0.005,99.09
1532,170,3388827164,70,0.01,98.68
1533,171,3432854246,10,0.001,99.26
1534,171,3432854246,10,0.005,99.21
1535,171,3432854246,10,0.01,99.05000000000001
1536,171,3432854246,40,0.001,99.42999999999999
1537,171,3432854246,40,0.005,99.37
1538,171,3432854246,40,0.01,99.31
1539,171,3432854246,70,0.001,99.27
1540,171,3432854246,70,0.005,98.81
1541,171,3432854246,70,0.01,98.8
1542,172,3482182885,10,0.001,99.22999999999999
1543,172,3482182885,10,0.005,99.33999999999999
1544,172,3482182885,10,0.01,99.11999999999999
1545,172,3482182885,40,0.001,99.53
1546,172,3482182885,40,0.005,99.35000000000001
1547,172,3482182885,40,0.01,99.39
1548,172,3482182885,70,0.001,99.17
1549,172,3482182885,70,0.005,98.77
1550,172,3482182885,70,0.01,98.91
1551,173,3534326588,10,0.001,99.26
1552,173,3534326588,10,0.005,99.17
1553,173,3534326588,10,0.01,99.29
1554,173,3534326588,40,0.001,99.37
1555,173,3534326588,40,0.005,99.44
1556,173,3534326588,40,0.01,99.31
1557,173,3534326588,70,0.001,99.07000000000001
1558,173,3534326588,70,0.005,98.86
1559,173,3534326588,70,0.01,99.00999999999999
1560,174,360598791,10,0.001,99.44
1561,174,360598791,10,0.005,99.32
1562,174,360598791,10,0.01,98.95
1563,174,360598791,40,0.001,99.47
1564,174,360598791,40,0.005,99.28
1565,174,360598791,40,0.01,99.42999999999999
1566,174,360598791,70,0.001,99.14
1567,174,360598791,70,0.005,98.9
1568,174,360598791,70,0.01,98.97
1569,175,3609586140,10,0.001,99.24
1570,175,3609586140,10,0.005,99.1
1571,175,3609586140,10,0.01,99.03999999999999
1572,175,3609586140,40,0.001,99.39
1573,175,3609586140,40,0.005,99.35000000000001
1574,175,3609586140,40,0.01,99.44
1575,175,3609586140,70,0.001,99.03999999999999
1576,175,3609586140,70,0.005,99.02
1577,175,3609586140,70,0.01,98.94
1578,176,3623700886,10,0.001,99.38
1579,176,3623700886,10,0.005,99.25
1580,176,3623700886,10,0.01,99.08
1581,176,3623700886,40,0.001,99.45
1582,176,3623700886,40,0.005,99.3
1583,176,3623700886,40,0.01,99.26
1584,176,3623700886,70,0.001,98.96000000000001
1585,176,3623700886,70,0.005,98.48
1586,176,3623700886,70,0.01,99.03
1587,177,3849418127,10,0.001,99.11999999999999
1588,177,3849418127,10,0.005,99.33999999999999
1589,177,3849418127,10,0.01,99.19
1590,177,3849418127,40,0.001,99.4
1591,177,3849418127,40,0.005,99.4
1592,177,3849418127,40,0.01,99.38
1593,177,3849418127,70,0.001,99.1
1594,177,3849418127,70,0.005,98.83999999999999
1595,177,3849418127,70,0.01,99.1
1596,178,4004083903,10,0.001,99.25
1597,178,4004083903,10,0.005,99.36
1598,178,4004083903,10,0.01,99.33999999999999
1599,178,4004083903,40,0.001,99.35000000000001
1600,178,4004083903,40,0.005,99.38
1601,178,4004083903,40,0.01,99.3
1602,178,4004083903,70,0.001,98.67
1603,178,4004083903,70,0.005,98.72999999999999
1604,178,4004083903,70,0.01,98.8
1605,179,4085289581,10,0.001,99.32
1606,179,4085289581,10,0.005,99.29
1607,179,4085289581,10,0.01,99.19
1608,179,4085289581,40,0.001,99.3
1609,179,4085289581,40,0.005,99.22
1610,179,4085289581,40,0.01,99.19
1611,179,4085289581,70,0.001,99.1
1612,179,4085289581,70,0.005,98.57000000000001
1613,179,4085289581,70,0.01,98.66
1614,180,4099983987,10,0.001,99.31
1615,180,4099983987,10,0.005,99.26
1616,180,4099983987,10,0.01,99.00999999999999
1617,180,4099983987,40,0.001,99.33999999999999
1618,180,4099983987,40,0.005,99.29
1619,180,4099983987,40,0.01,99.36
1620,180,4099983987,70,0.001,99.08
1621,180,4099983987,70,0.005,98.77
1622,180,4099983987,70,0.01,98.91
1623,181,4293642482,10,0.001,99.31
1624,181,4293642482,10,0.005,99.36
1625,181,4293642482,10,0.01,99.15
1626,181,4293642482,40,0.001,99.44
1627,181,4293642482,40,0.005,99.38
1628,181,4293642482,40,0.01,99.37
1629,181,4293642482,70,0.001,98.85000000000001
1630,181,4293642482,70,0.005,98.5
1631,181,4293642482,70,0.01,98.97
1632,182,433921985,10,0.001,99.33
1633,182,433921985,10,0.005,99.28
1634,182,433921985,10,0.01,99.21
1635,182,433921985,40,0.001,99.39
1636,182,433921985,40,0.005,99.42
1637,182,433921985,40,0.01,99.3
1638,182,433921985,70,0.001,99.06
1639,182,433921985,70,0.005,98.82
1640,182,433921985,70,0.01,99.05000000000001
1641,183,435981622,10,0.001,99.22999999999999
1642,183,435981622,10,0.005,99.19
1643,183,435981622,10,0.01,99.27
1644,183,435981622,40,0.001,99.41
1645,183,435981622,40,0.005,99.22999999999999
1646,183,435981622,40,0.01,99.32
1647,183,435981622,70,0.001,99.03
1648,183,435981622,70,0.005,98.75
1649,183,435981622,70,0.01,98.96000000000001
1650,184,438912252,10,0.001,99.22999999999999
1651,184,438912252,10,0.005,99.16
1652,184,438912252,10,0.01,99.2
1653,184,438912252,40,0.001,99.3
1654,184,438912252,40,0.005,99.2
1655,184,438912252,40,0.01,99.3
1656,184,438912252,70,0.001,98.34
1657,184,438912252,70,0.005,98.99
1658,184,438912252,70,0.01,98.98
1659,185,440738056,10,0.001,99.33
1660,185,440738056,10,0.005,99.25
1661,185,440738056,10,0.01,99.15
1662,185,440738056,40,0.001,99.46000000000001
1663,185,440738056,40,0.005,99.37
1664,185,440738056,40,0.01,99.38
1665,185,440738056,70,0.001,99.03999999999999
1666,185,440738056,70,0.005,99.19
1667,185,440738056,70,0.01,98.92
1668,186,492407909,10,0.001,99.25
1669,186,492407909,10,0.005,99.07000000000001
1670,186,492407909,10,0.01,99.18
1671,186,492407909,40,0.001,99.44
1672,186,492407909,40,0.005,99.32
1673,186,492407909,40,0.01,99.31
1674,186,492407909,70,0.001,99.17
1675,186,492407909,70,0.005,98.92999999999999
1676,186,492407909,70,0.01,98.96000000000001
1677,187,529503146,10,0.001,99.09
1678,187,529503146,10,0.005,99.4
1679,187,529503146,10,0.01,99.26
1680,187,529503146,40,0.001,99.38
1681,187,529503146,40,0.005,99.41
1682,187,529503146,40,0.01,99.25
1683,187,529503146,70,0.001,99.07000000000001
1684,187,529503146,70,0.005,99.09
1685,187,529503146,70,0.01,99.17
1686,188,534256285,10,0.001,99.22
1687,188,534256285,10,0.005,99.28
1688,188,534256285,10,0.01,99.11999999999999
1689,188,534256285,40,0.001,99.44
1690,188,534256285,40,0.005,99.4
1691,188,534256285,40,0.01,99.46000000000001
1692,188,534256285,70,0.001,99.06
1693,188,534256285,70,0.005,98.72
1694,188,534256285,70,0.01,99.02
1695,189,606128445,10,0.001,99.22
1696,189,606128445,10,0.005,99.31
1697,189,606128445,10,0.01,99.31
1698,189,606128445,40,0.001,99.44
1699,189,606128445,40,0.005,99.4
1700,189,606128445,40,0.01,99.39
1701,189,606128445,70,0.001,99.19
1702,189,606128445,70,0.005,98.92999999999999
1703,189,606128445,70,0.01,98.98
1704,190,615617248,10,0.001,99.41
1705,190,615617248,10,0.005,99.27
1706,190,615617248,10,0.01,99.24
1707,190,615617248,40,0.001,99.49
1708,190,615617248,40,0.005,99.42999999999999
1709,190,615617248,40,0.01,99.38
1710,190,615617248,70,0.001,98.72
1711,190,615617248,70,0.005,98.87
1712,190,615617248,70,0.01,98.48
1713,191,739675609,10,0.001,99.14
1714,191,739675609,10,0.005,99.07000000000001
1715,191,739675609,10,0.01,99.28
1716,191,739675609,40,0.001,99.51
1717,191,739675609,40,0.005,99.37
1718,191,739675609,40,0.01,99.24
1719,191,739675609,70,0.001,99.15
1720,191,739675609,70,0.005,99.03
1721,191,739675609,70,0.01,98.76
1722,192,745689443,10,0.001,99.2
1723,192,745689443,10,0.005,99.21
1724,192,745689443,10,0.01,99.32
1725,192,745689443,40,0.001,99.45
1726,192,745689443,40,0.005,99.39
1727,192,745689443,40,0.01,99.33
1728,192,745689443,70,0.001,99.05000000000001
1729,192,745689443,70,0.005,98.76
1730,192,745689443,70,0.01,98.55000000000001
1731,193,750514813,10,0.001,99.3
1732,193,750514813,10,0.005,99.14
1733,193,750514813,10,0.01,99.13
1734,193,750514813,40,0.001,99.42
1735,193,750514813,40,0.005,99.4
1736,193,750514813,40,0.01,99.48
1737,193,750514813,70,0.001,98.76
1738,193,750514813,70,0.005,98.76
1739,193,750514813,70,0.01,99.13
1740,194,756426322,10,0.001,99.26
1741,194,756426322,10,0.005,99.16
1742,194,756426322,10,0.01,99.33
1743,194,756426322,40,0.001,99.45
1744,194,756426322,40,0.005,99.22
1745,194,756426322,40,0.01,99.29
1746,194,756426322,70,0.001,98.50999999999999
1747,194,756426322,70,0.005,99.00999999999999
1748,194,756426322,70,0.01,99.08
1749,195,801202082,10,0.001,99.35000000000001
1750,195,801202082,10,0.005,99.26
1751,195,801202082,10,0.01,99.19
1752,195,801202082,40,0.001,99.4
1753,195,801202082,40,0.005,99.31
1754,195,801202082,40,0.01,99.31
1755,195,801202082,70,0.001,99.11999999999999
1756,195,801202082,70,0.005,99.11
1757,195,801202082,70,0.01,99.16
1758,196,807872706,10,0.001,99.22999999999999
1759,196,807872706,10,0.005,99.28
1760,196,807872706,10,0.01,99.22999999999999
1761,196,807872706,40,0.001,99.42999999999999
1762,196,807872706,40,0.005,99.38
1763,196,807872706,40,0.01,99.28
1764,196,807872706,70,0.001,99.24
1765,196,807872706,70,0.005,99.03999999999999
1766,196,807872706,70,0.01,99.27
1767,197,862140220,10,0.001,99.39
1768,197,862140220,10,0.005,99.16
1769,197,862140220,10,0.01,99.02
1770,197,862140220,40,0.001,99.39
1771,197,862140220,40,0.005,99.3
1772,197,862140220,40,0.01,99.31
1773,197,862140220,70,0.001,99.0
1774,197,862140220,70,0.005,98.89
1775,197,862140220,70,0.01,98.72
1776,198,879398037,10,0.001,99.36
1777,198,879398037,10,0.005,99.24
1778,198,879398037,10,0.01,99.21
1779,198,879398037,40,0.001,99.47
1780,198,879398037,40,0.005,99.4
1781,198,879398037,40,0.01,99.31
1782,198,879398037,70,0.001,98.98
1783,198,879398037,70,0.005,99.03999999999999
1784,198,879398037,70,0.01,98.94
1785,199,926164374,10,0.001,99.21
1786,199,926164374,10,0.005,99.19
1787,199,926164374,10,0.01,99.27
1788,199,926164374,40,0.001,99.29
1789,199,926164374,40,0.005,99.36
1790,199,926164374,40,0.01,99.39
1791,199,926164374,70,0.001,99.11999999999999
1792,199,926164374,70,0.005,98.92999999999999
1793,199,926164374,70,0.01,99.06
1794,200,10039390,10,0.001,99.32
1795,200,10039390,10,0.005,99.06
1796,200,10039390,10,0.01,99.28
1797,200,10039390,40,0.001,99.5
1798,200,10039390,40,0.005,99.38
1799,200,10039390,40,0.01,99.13
1800,200,10039390,70,0.001,99.2
1801,200,10039390,70,0.005,98.75
1802,200,10039390,70,0.01,98.67
1803,201,1133701321,10,0.001,99.33999999999999
1804,201,1133701321,10,0.005,99.2
1805,201,1133701321,10,0.01,99.19
1806,201,1133701321,40,0.001,99.44
1807,201,1133701321,40,0.005,99.3
1808,201,1133701321,40,0.01,99.28
1809,201,1133701321,70,0.001,98.92999999999999
1810,201,1133701321,70,0.005,99.0
1811,201,1133701321,70,0.01,99.14
1812,202,1146591785,10,0.001,99.2
1813,202,1146591785,10,0.005,99.21
1814,202,1146591785,10,0.01,99.31
1815,202,1146591785,40,0.001,99.42999999999999
1816,202,1146591785,40,0.005,99.35000000000001
1817,202,1146591785,40,0.01,99.19
1818,202,1146591785,70,0.001,99.14
1819,202,1146591785,70,0.005,99.05000000000001
1820,202,1146591785,70,0.01,99.0
1821,203,1154259053,10,0.001,99.48
1822,203,1154259053,10,0.005,99.11999999999999
1823,203,1154259053,10,0.01,99.31
1824,203,1154259053,40,0.001,99.42
1825,203,1154259053,40,0.005,99.28
1826,203,1154259053,40,0.01,99.3
1827,203,1154259053,70,0.001,99.13
1828,203,1154259053,70,0.005,99.09
1829,203,1154259053,70,0.01,98.65
1830,204,1194636522,10,0.001,99.37
1831,204,1194636522,10,0.005,99.36
1832,204,1194636522,10,0.01,99.28
1833,204,1194636522,40,0.001,99.36
1834,204,1194636522,40,0.005,99.29
1835,204,1194636522,40,0.01,99.37
1836,204,1194636522,70,0.001,98.71
1837,204,1194636522,70,0.005,98.96000000000001
1838,204,1194636522,70,0.01,98.9
1839,205,1196413569,10,0.001,99.37
1840,205,1196413569,10,0.005,99.29
1841,205,1196413569,10,0.01,99.33999999999999
1842,205,1196413569,40,0.001,99.41
1843,205,1196413569,40,0.005,99.29
1844,205,1196413569,40,0.01,99.38
1845,205,1196413569,70,0.001,99.24
1846,205,1196413569,70,0.005,99.17
1847,205,1196413569,70,0.01,98.92
1848,206,1247613531,10,0.001,99.41
1849,206,1247613531,10,0.005,99.33999999999999
1850,206,1247613531,10,0.01,99.18
1851,206,1247613531,40,0.001,99.5
1852,206,1247613531,40,0.005,99.37
1853,206,1247613531,40,0.01,99.33999999999999
1854,206,1247613531,70,0.001,99.09
1855,206,1247613531,70,0.005,98.92
1856,206,1247613531,70,0.01,98.74000000000001
1857,207,1265150313,10,0.001,99.25
1858,207,1265150313,10,0.005,99.09
1859,207,1265150313,10,0.01,99.19
1860,207,1265150313,40,0.001,99.31
1861,207,1265150313,40,0.005,99.47
1862,207,1265150313,40,0.01,99.37
1863,207,1265150313,70,0.001,99.19
1864,207,1265150313,70,0.005,98.82
1865,207,1265150313,70,0.01,98.86
1866,208,1268535076,10,0.001,99.36
1867,208,1268535076,10,0.005,99.37
1868,208,1268535076,10,0.01,99.11
1869,208,1268535076,40,0.001,99.5
1870,208,1268535076,40,0.005,99.3
1871,208,1268535076,40,0.01,99.37
1872,208,1268535076,70,0.001,99.05000000000001
1873,208,1268535076,70,0.005,98.74000000000001
1874,208,1268535076,70,0.01,98.77
1875,209,1351714164,10,0.001,99.14
1876,209,1351714164,10,0.005,99.31
1877,209,1351714164,10,0.01,99.27
1878,209,1351714164,40,0.001,99.51
1879,209,1351714164,40,0.005,99.35000000000001
1880,209,1351714164,40,0.01,99.22
1881,209,1351714164,70,0.001,99.00999999999999
1882,209,1351714164,70,0.005,99.31
1883,209,1351714164,70,0.01,98.9
1884,210,1361802301,10,0.001,99.24
1885,210,1361802301,10,0.005,99.21
1886,210,1361802301,10,0.01,99.25
1887,210,1361802301,40,0.001,99.39
1888,210,1361802301,40,0.005,99.31
1889,210,1361802301,40,0.01,99.28
1890,210,1361802301,70,0.001,98.96000000000001
1891,210,1361802301,70,0.005,99.02
1892,210,1361802301,70,0.01,99.19
1893,211,138692553,10,0.001,99.25
1894,211,138692553,10,0.005,99.06
1895,211,138692553,10,0.01,99.32
1896,211,138692553,40,0.001,99.44
1897,211,138692553,40,0.005,99.48
1898,211,138692553,40,0.01,99.4
1899,211,138692553,70,0.001,99.19
1900,211,138692553,70,0.005,99.03
1901,211,138692553,70,0.01,98.72
1902,212,1469044579,10,0.001,99.28
1903,212,1469044579,10,0.005,99.25
1904,212,1469044579,10,0.01,99.27
1905,212,1469044579,40,0.001,99.48
1906,212,1469044579,40,0.005,99.33
1907,212,1469044579,40,0.01,99.33999999999999
1908,212,1469044579,70,0.001,99.16
1909,212,1469044579,70,0.005,98.34
1910,212,1469044579,70,0.01,98.92999999999999
1911,213,1507696561,10,0.001,99.33999999999999
1912,213,1507696561,10,0.005,99.11
1913,213,1507696561,10,0.01,99.21
1914,213,1507696561,40,0.001,99.49
1915,213,1507696561,40,0.005,99.37
1916,213,1507696561,40,0.01,99.41
1917,213,1507696561,70,0.001,99.22999999999999
1918,213,1507696561,70,0.005,98.98
1919,213,1507696561,70,0.01,98.87
1920,214,1522698271,10,0.001,99.26
1921,214,1522698271,10,0.005,99.11999999999999
1922,214,1522698271,10,0.01,99.22
1923,214,1522698271,40,0.001,99.32
1924,214,1522698271,40,0.005,99.42
1925,214,1522698271,40,0.01,99.24
1926,214,1522698271,70,0.001,99.03999999999999
1927,214,1522698271,70,0.005,98.87
1928,214,1522698271,70,0.01,99.07000000000001
1929,215,1569105115,10,0.001,99.36
1930,215,1569105115,10,0.005,99.19
1931,215,1569105115,10,0.01,99.27
1932,215,1569105115,40,0.001,99.39
1933,215,1569105115,40,0.005,99.13
1934,215,1569105115,40,0.01,99.2
1935,215,1569105115,70,0.001,98.6
1936,215,1569105115,70,0.005,99.1
1937,215,1569105115,70,0.01,98.77
1938,216,1572004418,10,0.001,99.26
1939,216,1572004418,10,0.005,99.24
1940,216,1572004418,10,0.01,99.22
1941,216,1572004418,40,0.001,99.42
1942,216,1572004418,40,0.005,99.42
1943,216,1572004418,40,0.01,99.33
1944,216,1572004418,70,0.001,99.05000000000001
1945,216,1572004418,70,0.005,98.94
1946,216,1572004418,70,0.01,99.13
1947,217,16046097,10,0.001,99.26
1948,217,16046097,10,0.005,99.29
1949,217,16046097,10,0.01,99.31
1950,217,16046097,40,0.001,99.27
1951,217,16046097,40,0.005,99.28
1952,217,16046097,40,0.01,99.41
1953,217,16046097,70,0.001,99.11999999999999
1954,217,16046097,70,0.005,98.61
1955,217,16046097,70,0.01,98.85000000000001
1956,218,1630691864,10,0.001,99.11999999999999
1957,218,1630691864,10,0.005,99.22
1958,218,1630691864,10,0.01,99.18
1959,218,1630691864,40,0.001,99.47
1960,218,1630691864,40,0.005,99.33
1961,218,1630691864,40,0.01,99.18
1962,218,1630691864,70,0.001,99.28
1963,218,1630691864,70,0.005,99.02
1964,218,1630691864,70,0.01,99.07000000000001
1965,219,1755688716,10,0.001,99.33
1966,219,1755688716,10,0.005,99.14
1967,219,1755688716,10,0.01,99.35000000000001
1968,219,1755688716,40,0.001,99.49
1969,219,1755688716,40,0.005,99.29
1970,219,1755688716,40,0.01,99.3
1971,219,1755688716,70,0.001,99.0
1972,219,1755688716,70,0.005,99.05000000000001
1973,219,1755688716,70,0.01,98.94
1974,220,1768062262,10,0.001,99.29
1975,220,1768062262,10,0.005,99.09
1976,220,1768062262,10,0.01,99.3
1977,220,1768062262,40,0.001,99.44
1978,220,1768062262,40,0.005,99.26
1979,220,1768062262,40,0.01,99.33
1980,220,1768062262,70,0.001,99.2
1981,220,1768062262,70,0.005,99.08
1982,220,1768062262,70,0.01,98.92
1983,221,1800856875,10,0.001,99.22
1984,221,1800856875,10,0.005,99.16
1985,221,1800856875,10,0.01,99.11999999999999
1986,221,1800856875,40,0.001,99.2
1987,221,1800856875,40,0.005,99.29
1988,221,1800856875,40,0.01,99.39
1989,221,1800856875,70,0.001,98.96000000000001
1990,221,1800856875,70,0.005,98.86
1991,221,1800856875,70,0.01,98.94
1992,222,1868308558,10,0.001,99.26
1993,222,1868308558,10,0.005,99.22999999999999
1994,222,1868308558,10,0.01,99.15
1995,222,1868308558,40,0.001,99.22999999999999
1996,222,1868308558,40,0.005,99.17
1997,222,1868308558,40,0.01,99.35000000000001
1998,222,1868308558,70,0.001,99.05000000000001
1999,222,1868308558,70,0.005,98.94
2000,222,1868308558,70,0.01,98.89
2001,223,1888752709,10,0.001,99.38
2002,223,1888752709,10,0.005,99.11999999999999
2003,223,1888752709,10,0.01,99.02
2004,223,1888752709,40,0.001,99.37
2005,223,1888752709,40,0.005,99.3
2006,223,1888752709,40,0.01,99.27
2007,223,1888752709,70,0.001,98.99
2008,223,1888752709,70,0.005,98.89
2009,223,1888752709,70,0.01,98.72
2010,224,1891115151,10,0.001,99.28
2011,224,1891115151,10,0.005,99.00999999999999
2012,224,1891115151,10,0.01,99.09
2013,224,1891115151,40,0.001,99.24
2014,224,1891115151,40,0.005,99.29
2015,224,1891115151,40,0.01,99.26
2016,224,1891115151,70,0.001,99.03
2017,224,1891115151,70,0.005,99.11
2018,224,1891115151,70,0.01,98.88
2019,225,1935318606,10,0.001,99.29
2020,225,1935318606,10,0.005,99.02
2021,225,1935318606,10,0.01,99.22999999999999
2022,225,1935318606,40,0.001,99.37
2023,225,1935318606,40,0.005,99.22999999999999
2024,225,1935318606,40,0.01,99.36
2025,225,1935318606,70,0.001,99.06
2026,225,1935318606,70,0.005,99.02
2027,225,1935318606,70,0.01,98.71
2028,226,1937545302,10,0.001,99.42
2029,226,1937545302,10,0.005,99.17
2030,226,1937545302,10,0.01,99.2
2031,226,1937545302,40,0.001,99.48
2032,226,1937545302,40,0.005,99.36
2033,226,1937545302,40,0.01,99.39
2034,226,1937545302,70,0.001,99.02
2035,226,1937545302,70,0.005,98.91
2036,226,1937545302,70,0.01,99.00999999999999
2037,227,1950659359,10,0.001,99.33
2038,227,1950659359,10,0.005,99.32
2039,227,1950659359,10,0.01,99.3
2040,227,1950659359,40,0.001,99.29
2041,227,1950659359,40,0.005,99.29
2042,227,1950659359,40,0.01,99.33
2043,227,1950659359,70,0.001,99.02
2044,227,1950659359,70,0.005,98.94
2045,227,1950659359,70,0.01,98.8
2046,228,1957723695,10,0.001,99.32
2047,228,1957723695,10,0.005,99.14
2048,228,1957723695,10,0.01,99.07000000000001
2049,228,1957723695,40,0.001,99.35000000000001
2050,228,1957723695,40,0.005,99.42
2051,228,1957723695,40,0.01,99.25
2052,228,1957723695,70,0.001,99.00999999999999
2053,228,1957723695,70,0.005,99.21
2054,228,1957723695,70,0.01,98.86
2055,229,1979613351,10,0.001,99.28
2056,229,1979613351,10,0.005,99.22999999999999
2057,229,1979613351,10,0.01,99.28
2058,229,1979613351,40,0.001,99.48
2059,229,1979613351,40,0.005,99.31
2060,229,1979613351,40,0.01,99.32
2061,229,1979613351,70,0.001,99.17
2062,229,1979613351,70,0.005,98.92999999999999
2063,229,1979613351,70,0.01,98.42
2064,230,2127234741,10,0.001,99.44
2065,230,2127234741,10,0.005,99.33
2066,230,2127234741,10,0.01,99.1
2067,230,2127234741,40,0.001,99.33
2068,230,2127234741,40,0.005,99.26
2069,230,2127234741,40,0.01,99.36
2070,230,2127234741,70,0.001,99.21
2071,230,2127234741,70,0.005,98.91
2072,230,2127234741,70,0.01,98.99
2073,231,2197686688,10,0.001,99.25
2074,231,2197686688,10,0.005,99.25
2075,231,2197686688,10,0.01,99.29
2076,231,2197686688,40,0.001,99.51
2077,231,2197686688,40,0.005,99.33
2078,231,2197686688,40,0.01,99.27
2079,231,2197686688,70,0.001,98.98
2080,231,2197686688,70,0.005,98.8
2081,231,2197686688,70,0.01,98.97
2082,232,2204285574,10,0.001,99.19
2083,232,2204285574,10,0.005,98.98
2084,232,2204285574,10,0.01,99.1
2085,232,2204285574,40,0.001,99.39
2086,232,2204285574,40,0.005,99.19
2087,232,2204285574,40,0.01,99.31
2088,232,2204285574,70,0.001,98.99
2089,232,2204285574,70,0.005,98.98
2090,232,2204285574,70,0.01,99.18
2091,233,231124293,10,0.001,99.29
2092,233,231124293,10,0.005,99.07000000000001
2093,233,231124293,10,0.01,99.18
2094,233,231124293,40,0.001,99.37
2095,233,231124293,40,0.005,99.35000000000001
2096,233,231124293,40,0.01,99.39
2097,233,231124293,70,0.001,98.88
2098,233,231124293,70,0.005,99.08
2099,233,231124293,70,0.01,98.68
2100,234,2332340375,10,0.001,99.33
2101,234,2332340375,10,0.005,99.21
2102,234,2332340375,10,0.01,99.08
2103,234,2332340375,40,0.001,99.45
2104,234,2332340375,40,0.005,99.27
2105,234,2332340375,40,0.01,99.53
2106,234,2332340375,70,0.001,99.18
2107,234,2332340375,70,0.005,98.69
2108,234,2332340375,70,0.01,98.61999999999999
2109,235,2445777995,10,0.001,99.22999999999999
2110,235,2445777995,10,0.005,99.13
2111,235,2445777995,10,0.01,99.28
2112,235,2445777995,40,0.001,99.44
2113,235,2445777995,40,0.005,99.33
2114,235,2445777995,40,0.01,99.09
2115,235,2445777995,70,0.001,98.52
2116,235,2445777995,70,0.005,98.86
2117,235,2445777995,70,0.01,99.29
2118,236,2450742748,10,0.001,99.33
2119,236,2450742748,10,0.005,99.31
2120,236,2450742748,10,0.01,99.32
2121,236,2450742748,40,0.001,99.45
2122,236,2450742748,40,0.005,99.27
2123,236,2450742748,40,0.01,99.32
2124,236,2450742748,70,0.001,98.55000000000001
2125,236,2450742748,70,0.005,98.8
2126,236,2450742748,70,0.01,98.97
2127,237,2470990711,10,0.001,99.35000000000001
2128,237,2470990711,10,0.005,99.09
2129,237,2470990711,10,0.01,99.22
2130,237,2470990711,40,0.001,99.27
2131,237,2470990711,40,0.005,99.31
2132,237,2470990711,40,0.01,99.16
2133,237,2470990711,70,0.001,98.99
2134,237,2470990711,70,0.005,99.0
2135,237,2470990711,70,0.01,98.54
2136,238,2481546066,10,0.001,99.32
2137,238,2481546066,10,0.005,99.14
2138,238,2481546066,10,0.01,99.05000000000001
2139,238,2481546066,40,0.001,99.35000000000001
2140,238,2481546066,40,0.005,99.28
2141,238,2481546066,40,0.01,99.3
2142,238,2481546066,70,0.001,98.99
2143,238,2481546066,70,0.005,99.02
2144,238,2481546066,70,0.01,99.0
2153,240,267903577,10,0.001,99.39
2154,240,267903577,10,0.005,99.2
2155,240,267903577,10,0.01,99.2
2156,240,267903577,40,0.001,99.37
2157,240,267903577,40,0.005,99.33
2158,240,267903577,40,0.01,99.35000000000001
2159,240,267903577,70,0.001,99.25
2160,240,267903577,70,0.005,99.03
2161,240,267903577,70,0.01,99.09
2162,241,270122206,10,0.001,99.39
2163,241,270122206,10,0.005,99.24
2164,241,270122206,10,0.01,99.18
2165,241,270122206,40,0.001,99.51
2166,241,270122206,40,0.005,99.31
2167,241,270122206,40,0.01,99.28
2168,241,270122206,70,0.001,99.07000000000001
2169,241,270122206,70,0.005,98.72999999999999
2170,241,270122206,70,0.01,98.94
2171,242,2790718139,10,0.001,99.41
2172,242,2790718139,10,0.005,99.19
2173,242,2790718139,10,0.01,99.24
2174,242,2790718139,40,0.001,99.44
2175,242,2790718139,40,0.005,99.48
2176,242,2790718139,40,0.01,99.41
2177,242,2790718139,70,0.001,98.83
2178,242,2790718139,70,0.005,99.19
2179,242,2790718139,70,0.01,99.05000000000001
2180,243,2790837485,10,0.001,99.25
2181,243,2790837485,10,0.005,99.14
2182,243,2790837485,10,0.01,99.36
2183,243,2790837485,40,0.001,99.46000000000001
2184,243,2790837485,40,0.005,99.33
2185,243,2790837485,40,0.01,99.17
2186,243,2790837485,70,0.001,99.13
2187,243,2790837485,70,0.005,99.14
2188,243,2790837485,70,0.01,98.81
2197,245,287564208,10,0.001,99.11999999999999
2198,245,287564208,10,0.005,99.17
2199,245,287564208,10,0.01,99.27
2200,245,287564208,40,0.001,99.37
2201,245,287564208,40,0.005,99.33
2202,245,287564208,40,0.01,99.33999999999999
2203,245,287564208,70,0.001,98.86
2204,245,287564208,70,0.005,98.83999999999999
2205,245,287564208,70,0.01,98.96000000000001
2206,246,2885859721,10,0.001,99.13
2207,246,2885859721,10,0.005,99.18
2208,246,2885859721,10,0.01,99.2
2209,246,2885859721,40,0.001,99.42
2210,246,2885859721,40,0.005,99.45
2211,246,2885859721,40,0.01,99.29
2212,246,2885859721,70,0.001,99.14
2213,246,2885859721,70,0.005,99.14
2214,246,2885859721,70,0.01,98.92
2215,247,2963971174,10,0.001,99.31
2216,247,2963971174,10,0.005,99.13
2217,247,2963971174,10,0.01,99.2
2218,247,2963971174,40,0.001,99.44
2219,247,2963971174,40,0.005,99.3
2220,247,2963971174,40,0.01,99.29
2221,247,2963971174,70,0.001,98.94
2222,247,2963971174,70,0.005,98.65
2223,247,2963971174,70,0.01,98.83
2224,248,2993630682,10,0.001,99.26
2225,248,2993630682,10,0.005,99.21
2226,248,2993630682,10,0.01,99.25
2227,248,2993630682,40,0.001,99.4
2228,248,2993630682,40,0.005,99.37
2229,248,2993630682,40,0.01,99.17
2230,248,2993630682,70,0.001,99.07000000000001
2231,248,2993630682,70,0.005,99.00999999999999
2232,248,2993630682,70,0.01,98.86
2233,249,2995089277,10,0.001,99.18
2234,249,2995089277,10,0.005,99.27
2235,249,2995089277,10,0.01,99.16
2236,249,2995089277,40,0.001,99.41
2237,249,2995089277,40,0.005,99.31
2238,249,2995089277,40,0.01,99.29
2239,249,2995089277,70,0.001,99.14
2240,249,2995089277,70,0.005,99.28
2241,249,2995089277,70,0.01,98.99
2242,250,30027319,10,0.001,99.14
2243,250,30027319,10,0.005,99.22
2244,250,30027319,10,0.01,99.22999999999999
2245,250,30027319,40,0.001,99.52
2246,250,30027319,40,0.005,99.36
2247,250,30027319,40,0.01,99.42
2248,250,30027319,70,0.001,99.03999999999999
2249,250,30027319,70,0.005,98.77
2250,250,30027319,70,0.01,98.82
2251,251,3051607529,10,0.001,99.28
2252,251,3051607529,10,0.005,99.2
2253,251,3051607529,10,0.01,99.18
2254,251,3051607529,40,0.001,99.44
2255,251,3051607529,40,0.005,99.26
2256,251,3051607529,40,0.01,99.35000000000001
2257,251,3051607529,70,0.001,99.08
2258,251,3051607529,70,0.005,99.03999999999999
2259,251,3051607529,70,0.01,98.83999999999999
2260,252,3052436792,10,0.001,99.18
2261,252,3052436792,10,0.005,99.05000000000001
2262,252,3052436792,10,0.01,99.03999999999999
2263,252,3052436792,40,0.001,99.29
2264,252,3052436792,40,0.005,99.39
2265,252,3052436792,40,0.01,99.26
2266,252,3052436792,70,0.001,99.15
2267,252,3052436792,70,0.005,99.02
2268,252,3052436792,70,0.01,98.95
2269,253,3131277161,10,0.001,99.29
2270,253,3131277161,10,0.005,99.24
2271,253,3131277161,10,0.01,99.15
2272,253,3131277161,40,0.001,99.41
2273,253,3131277161,40,0.005,99.19
2274,253,3131277161,40,0.01,99.35000000000001
2275,253,3131277161,70,0.001,99.08
2276,253,3131277161,70,0.005,98.95
2277,253,3131277161,70,0.01,99.00999999999999
2278,254,316613348,10,0.001,99.33999999999999
2279,254,316613348,10,0.005,99.19
2280,254,316613348,10,0.01,99.25
2281,254,316613348,40,0.001,99.44
2282,254,316613348,40,0.005,99.28
2283,254,316613348,40,0.01,99.3
2284,254,316613348,70,0.001,98.92999999999999
2285,254,316613348,70,0.005,98.87
2286,254,316613348,70,0.01,98.95
2287,255,3178807947,10,0.001,99.24
2288,255,3178807947,10,0.005,99.28
2289,255,3178807947,10,0.01,99.14
2290,255,3178807947,40,0.001,99.42999999999999
2291,255,3178807947,40,0.005,98.99
2292,255,3178807947,40,0.01,99.42
2293,255,3178807947,70,0.001,99.17
2294,255,3178807947,70,0.005,98.83
2295,255,3178807947,70,0.01,98.7
2296,256,324360030,10,0.001,99.31
2297,256,324360030,10,0.005,99.29
2298,256,324360030,10,0.01,99.22
2299,256,324360030,40,0.001,99.53
2300,256,324360030,40,0.005,99.4
2301,256,324360030,40,0.01,99.33
2302,256,324360030,70,0.001,99.05000000000001
2303,256,324360030,70,0.005,99.16
2304,256,324360030,70,0.01,98.58
2305,257,3253279488,10,0.001,99.18
2306,257,3253279488,10,0.005,98.9
2307,257,3253279488,10,0.01,99.25
2308,257,3253279488,40,0.001,99.46000000000001
2309,257,3253279488,40,0.005,99.3
2310,257,3253279488,40,0.01,99.21
2311,257,3253279488,70,0.001,99.15
2312,257,3253279488,70,0.005,98.94
2313,257,3253279488,70,0.01,98.92
2314,258,328116545,10,0.001,99.36
2315,258,328116545,10,0.005,99.24
2316,258,328116545,10,0.01,99.2
2317,258,328116545,40,0.001,99.31
2318,258,328116545,40,0.005,99.42
2319,258,328116545,40,0.01,99.24
2320,258,328116545,70,0.001,98.98
2321,258,328116545,70,0.005,99.22
2322,258,328116545,70,0.01,98.56
2323,259,3312889384,10,0.001,99.3
2324,259,3312889384,10,0.005,99.27
2325,259,3312889384,10,0.01,99.25
2326,259,3312889384,40,0.001,99.45
2327,259,3312889384,40,0.005,99.31
2328,259,3312889384,40,0.01,99.26
2329,259,3312889384,70,0.001,98.72999999999999
2330,259,3312889384,70,0.005,98.48
2331,259,3312889384,70,0.01,98.81
2332,260,3372448449,10,0.001,99.13
2333,260,3372448449,10,0.005,99.22999999999999
2334,260,3372448449,10,0.01,99.22999999999999
2335,260,3372448449,40,0.001,99.33999999999999
2336,260,3372448449,40,0.005,99.39
2337,260,3372448449,40,0.01,99.32
2338,260,3372448449,70,0.001,98.82
2339,260,3372448449,70,0.005,98.72999999999999
2340,260,3372448449,70,0.01,99.0
2341,261,3416267328,10,0.001,99.36
2342,261,3416267328,10,0.005,99.03999999999999
2343,261,3416267328,10,0.01,99.09
2344,261,3416267328,40,0.001,99.36
2345,261,3416267328,40,0.005,99.4
2346,261,3416267328,40,0.01,99.3
2347,261,3416267328,70,0.001,98.85000000000001
2348,261,3416267328,70,0.005,99.11
2349,261,3416267328,70,0.01,98.96000000000001
2350,262,3416868416,10,0.001,99.4
2351,262,3416868416,10,0.005,99.17
2352,262,3416868416,10,0.01,99.09
2353,262,3416868416,40,0.001,99.42999999999999
2354,262,3416868416,40,0.005,99.31
2355,262,3416868416,40,0.01,99.28
2356,262,3416868416,70,0.001,99.14
2357,262,3416868416,70,0.005,98.98
2358,262,3416868416,70,0.01,99.1
2359,263,3459797461,10,0.001,99.03
2360,263,3459797461,10,0.005,99.17
2361,263,3459797461,10,0.01,99.33
2362,263,3459797461,40,0.001,99.38
2363,263,3459797461,40,0.005,99.38
2364,263,3459797461,40,0.01,99.33999999999999
2365,263,3459797461,70,0.001,98.91
2366,263,3459797461,70,0.005,98.77
2367,263,3459797461,70,0.01,99.15
2368,264,3465756844,10,0.001,99.29
2369,264,3465756844,10,0.005,99.37
2370,264,3465756844,10,0.01,99.22999999999999
2371,264,3465756844,40,0.001,99.53999999999999
2372,264,3465756844,40,0.005,99.35000000000001
2373,264,3465756844,40,0.01,99.39
2374,264,3465756844,70,0.001,99.16
2375,264,3465756844,70,0.005,98.72999999999999
2376,264,3465756844,70,0.01,98.97
2377,265,3535560341,10,0.001,99.28
2378,265,3535560341,10,0.005,99.22999999999999
2379,265,3535560341,10,0.01,99.29
2380,265,3535560341,40,0.001,99.4
2381,265,3535560341,40,0.005,99.22
2382,265,3535560341,40,0.01,99.31
2383,265,3535560341,70,0.001,98.78
2384,265,3535560341,70,0.005,98.50999999999999
2385,265,3535560341,70,0.01,99.15
2386,266,3548501452,10,0.001,99.35000000000001
2387,266,3548501452,10,0.005,99.29
2388,266,3548501452,10,0.01,99.2
2389,266,3548501452,40,0.001,99.4
2390,266,3548501452,40,0.005,99.32
2391,266,3548501452,40,0.01,99.37
2392,266,3548501452,70,0.001,99.08
2393,266,3548501452,70,0.005,98.96000000000001
2394,266,3548501452,70,0.01,99.11999999999999
2395,267,3572939597,10,0.001,99.39
2396,267,3572939597,10,0.005,99.18
2397,267,3572939597,10,0.01,99.22999999999999
2398,267,3572939597,40,0.001,99.52
2399,267,3572939597,40,0.005,99.25
2400,267,3572939597,40,0.01,99.37
2401,267,3572939597,70,0.001,99.06
2402,267,3572939597,70,0.005,98.89
2403,267,3572939597,70,0.01,98.88
2404,268,3583544339,10,0.001,99.33
2405,268,3583544339,10,0.005,99.16
2406,268,3583544339,10,0.01,99.2
2407,268,3583544339,40,0.001,99.4
2408,268,3583544339,40,0.005,99.28
2409,268,3583544339,40,0.01,99.31
2410,268,3583544339,70,0.001,99.27
2411,268,3583544339,70,0.005,98.83
2412,268,3583544339,70,0.01,98.82
2413,269,3589064732,10,0.001,99.33
2414,269,3589064732,10,0.005,99.28
2415,269,3589064732,10,0.01,99.22
2416,269,3589064732,40,0.001,99.56
2417,269,3589064732,40,0.005,99.33
2418,269,3589064732,40,0.01,99.42999999999999
2419,269,3589064732,70,0.001,99.0
2420,269,3589064732,70,0.005,98.85000000000001
2421,269,3589064732,70,0.01,99.0
2422,270,3598085971,10,0.001,99.41
2423,270,3598085971,10,0.005,99.22
2424,270,3598085971,10,0.01,99.14
2425,270,3598085971,40,0.001,99.36
2426,270,3598085971,40,0.005,99.33999999999999
2427,270,3598085971,40,0.01,99.28
2428,270,3598085971,70,0.001,98.96000000000001
2429,270,3598085971,70,0.005,99.08
2430,270,3598085971,70,0.01,98.82
2431,271,3611363406,10,0.001,99.24
2432,271,3611363406,10,0.005,99.22
2433,271,3611363406,10,0.01,99.15
2434,271,3611363406,40,0.001,99.3
2435,271,3611363406,40,0.005,99.37
2436,271,3611363406,40,0.01,99.22999999999999
2437,271,3611363406,70,0.001,98.98
2438,271,3611363406,70,0.005,99.16
2439,271,3611363406,70,0.01,98.95
2440,272,3646223242,10,0.001,99.33999999999999
2441,272,3646223242,10,0.005,99.08
2442,272,3646223242,10,0.01,99.22
2443,272,3646223242,40,0.001,99.52
2444,272,3646223242,40,0.005,99.27
2445,272,3646223242,40,0.01,99.35000000000001
2446,272,3646223242,70,0.001,99.08
2447,272,3646223242,70,0.005,99.09
2448,272,3646223242,70,0.01,99.03
2449,273,3668613738,10,0.001,99.32
2450,273,3668613738,10,0.005,99.07000000000001
2451,273,3668613738,10,0.01,99.35000000000001
2452,273,3668613738,40,0.001,99.27
2453,273,3668613738,40,0.005,99.39
2454,273,3668613738,40,0.01,99.27
2455,273,3668613738,70,0.001,99.11999999999999
2456,273,3668613738,70,0.005,98.91
2457,273,3668613738,70,0.01,98.67
2458,274,3716662120,10,0.001,99.25
2459,274,3716662120,10,0.005,99.38
2460,274,3716662120,10,0.01,99.07000000000001
2461,274,3716662120,40,0.001,99.41
2462,274,3716662120,40,0.005,99.33
2463,274,3716662120,40,0.01,99.37
2464,274,3716662120,70,0.001,99.06
2465,274,3716662120,70,0.005,98.61
2466,274,3716662120,70,0.01,98.35000000000001
2467,275,3716836052,10,0.001,99.26
2468,275,3716836052,10,0.005,99.15
2469,275,3716836052,10,0.01,99.11999999999999
2470,275,3716836052,40,0.001,99.36
2471,275,3716836052,40,0.005,99.33999999999999
2472,275,3716836052,40,0.01,99.47
2473,275,3716836052,70,0.001,98.77
2474,275,3716836052,70,0.005,98.95
2475,275,3716836052,70,0.01,99.11999999999999
2476,276,3829113437,10,0.001,99.3
2477,276,3829113437,10,0.005,99.18
2478,276,3829113437,10,0.01,99.32
2479,276,3829113437,40,0.001,99.51
2480,276,3829113437,40,0.005,99.33
2481,276,3829113437,40,0.01,99.38
2482,276,3829113437,70,0.001,99.1
2483,276,3829113437,70,0.005,98.95
2484,276,3829113437,70,0.01,98.87
2485,277,386143723,10,0.001,99.18
2486,277,386143723,10,0.005,99.25
2487,277,386143723,10,0.01,99.25
2488,277,386143723,40,0.001,99.42999999999999
2489,277,386143723,40,0.005,99.42
2490,277,386143723,40,0.01,99.27
2491,277,386143723,70,0.001,99.11999999999999
2492,277,386143723,70,0.005,99.05000000000001
2493,277,386143723,70,0.01,99.11
2494,278,3937278199,10,0.001,99.25
2495,278,3937278199,10,0.005,99.25
2496,278,3937278199,10,0.01,99.18
2497,278,3937278199,40,0.001,99.39
2498,278,3937278199,40,0.005,99.26
2499,278,3937278199,40,0.01,99.36
2500,278,3937278199,70,0.001,98.99
2501,278,3937278199,70,0.005,99.00999999999999
2502,278,3937278199,70,0.01,99.11
2503,279,3938081555,10,0.001,99.3
2504,279,3938081555,10,0.005,99.14
2505,279,3938081555,10,0.01,99.25
2506,279,3938081555,40,0.001,99.45
2507,279,3938081555,40,0.005,99.36
2508,279,3938081555,40,0.01,99.33999999999999
2509,279,3938081555,70,0.001,99.02
2510,279,3938081555,70,0.005,99.03
2511,279,3938081555,70,0.01,98.97
2512,280,3959766098,10,0.001,99.32
2513,280,3959766098,10,0.005,99.22999999999999
2514,280,3959766098,10,0.01,99.33
2515,280,3959766098,40,0.001,99.44
2516,280,3959766098,40,0.005,99.4
2517,280,3959766098,40,0.01,99.29
2518,280,3959766098,70,0.001,99.00999999999999
2519,280,3959766098,70,0.005,98.8
2520,280,3959766098,70,0.01,98.77
2521,281,3978972328,10,0.001,99.11
2522,281,3978972328,10,0.005,99.31
2523,281,3978972328,10,0.01,99.32
2524,281,3978972328,40,0.001,99.27
2525,281,3978972328,40,0.005,99.17
2526,281,3978972328,40,0.01,99.45
2527,281,3978972328,70,0.001,99.08
2528,281,3978972328,70,0.005,98.81
2529,281,3978972328,70,0.01,98.63
2530,282,4092203660,10,0.001,99.15
2531,282,4092203660,10,0.005,99.07000000000001
2532,282,4092203660,10,0.01,99.16
2533,282,4092203660,40,0.001,99.55000000000001
2534,282,4092203660,40,0.005,99.39
2535,282,4092203660,40,0.01,99.17
2536,282,4092203660,70,0.001,99.07000000000001
2537,282,4092203660,70,0.005,98.92999999999999
2538,282,4092203660,70,0.01,98.83999999999999
2539,283,4092889482,10,0.001,99.18
2540,283,4092889482,10,0.005,99.26
2541,283,4092889482,10,0.01,99.14
2542,283,4092889482,40,0.001,99.4
2543,283,4092889482,40,0.005,99.28
2544,283,4092889482,40,0.01,99.35000000000001
2545,283,4092889482,70,0.001,99.17
2546,283,4092889482,70,0.005,98.83999999999999
2547,283,4092889482,70,0.01,98.89
2548,284,4101982335,10,0.001,99.37
2549,284,4101982335,10,0.005,99.24
2550,284,4101982335,10,0.01,99.22999999999999
2551,284,4101982335,40,0.001,99.51
2552,284,4101982335,40,0.005,99.5
2553,284,4101982335,40,0.01,99.35000000000001
2554,284,4101982335,70,0.001,99.15
2555,284,4101982335,70,0.005,98.87
2556,284,4101982335,70,0.01,98.99
2557,285,4106589996,10,0.001,99.29
2558,285,4106589996,10,0.005,99.19
2559,285,4106589996,10,0.01,99.33
2560,285,4106589996,40,0.001,99.32
2561,285,4106589996,40,0.005,99.47
2562,285,4106589996,40,0.01,99.3
2563,285,4106589996,70,0.001,98.91
2564,285,4106589996,70,0.005,99.13
2565,285,4106589996,70,0.01,98.16
2566,286,4124784119,10,0.001,99.33
2567,286,4124784119,10,0.005,99.06
2568,286,4124784119,10,0.01,99.22999999999999
2569,286,4124784119,40,0.001,99.36
2570,286,4124784119,40,0.005,99.3
2571,286,4124784119,40,0.01,99.05000000000001
2572,286,4124784119,70,0.001,99.25
2573,286,4124784119,70,0.005,98.07000000000001
2574,286,4124784119,70,0.01,98.5
2575,287,4173197886,10,0.001,99.4
2576,287,4173197886,10,0.005,99.06
2577,287,4173197886,10,0.01,99.22
2578,287,4173197886,40,0.001,99.41
2579,287,4173197886,40,0.005,99.35000000000001
2580,287,4173197886,40,0.01,99.37
2581,287,4173197886,70,0.001,98.81
2582,287,4173197886,70,0.005,98.83999999999999
2583,287,4173197886,70,0.01,98.85000000000001
2584,288,4182506649,10,0.001,99.37
2585,288,4182506649,10,0.005,99.22
2586,288,4182506649,10,0.01,99.33
2587,288,4182506649,40,0.001,99.45
2588,288,4182506649,40,0.005,99.24
2589,288,4182506649,40,0.01,99.37
2590,288,4182506649,70,0.001,99.18
2591,288,4182506649,70,0.005,98.76
2592,288,4182506649,70,0.01,99.0
2593,289,456655895,10,0.001,99.38
2594,289,456655895,10,0.005,99.27
2595,289,456655895,10,0.01,99.06
2596,289,456655895,40,0.001,99.29
2597,289,456655895,40,0.005,99.42
2598,289,456655895,40,0.01,99.38
2599,289,456655895,70,0.001,98.99
2600,289,456655895,70,0.005,99.02
2601,289,456655895,70,0.01,99.13
2610,291,467643811,10,0.001,99.33
2611,291,467643811,10,0.005,99.22
2612,291,467643811,10,0.01,99.16
2613,291,467643811,40,0.001,99.19
2614,291,467643811,40,0.005,99.38
2615,291,467643811,40,0.01,99.2
2616,291,467643811,70,0.001,99.22999999999999
2617,291,467643811,70,0.005,98.94
2618,291,467643811,70,0.01,99.11999999999999
2619,292,469353613,10,0.001,99.26
2620,292,469353613,10,0.005,99.11999999999999
2621,292,469353613,10,0.01,99.15
2622,292,469353613,40,0.001,99.42999999999999
2623,292,469353613,40,0.005,99.4
2624,292,469353613,40,0.01,99.37
2625,292,469353613,70,0.001,98.99
2626,292,469353613,70,0.005,99.0
2627,292,469353613,70,0.01,98.94
2628,293,531320426,10,0.001,99.36
2629,293,531320426,10,0.005,99.19
2630,293,531320426,10,0.01,99.32
2631,293,531320426,40,0.001,99.45
2632,293,531320426,40,0.005,99.39
2633,293,531320426,40,0.01,99.09
2634,293,531320426,70,0.001,99.09
2635,293,531320426,70,0.005,98.78
2636,293,531320426,70,0.01,98.61999999999999
2637,294,56344765,10,0.001,99.25
2638,294,56344765,10,0.005,99.22
2639,294,56344765,10,0.01,99.19
2640,294,56344765,40,0.001,99.46000000000001
2641,294,56344765,40,0.005,99.24
2642,294,56344765,40,0.01,99.32
2643,294,56344765,70,0.001,99.17
2644,294,56344765,70,0.005,98.72
2645,294,56344765,70,0.01,98.69
2646,295,604113505,10,0.001,99.42999999999999
2647,295,604113505,10,0.005,99.03999999999999
2648,295,604113505,10,0.01,99.19
2649,295,604113505,40,0.001,99.36
2650,295,604113505,40,0.005,99.4
2651,295,604113505,40,0.01,99.33999999999999
2652,295,604113505,70,0.001,99.22999999999999
2653,295,604113505,70,0.005,99.19
2654,295,604113505,70,0.01,99.03999999999999
2655,296,645497581,10,0.001,99.33999999999999
2656,296,645497581,10,0.005,99.22999999999999
2657,296,645497581,10,0.01,99.3
2658,296,645497581,40,0.001,99.22999999999999
2659,296,645497581,40,0.005,99.33999999999999
2660,296,645497581,40,0.01,99.33999999999999
2661,296,645497581,70,0.001,98.95
2662,296,645497581,70,0.005,98.77
2663,296,645497581,70,0.01,98.68
2664,297,704617582,10,0.001,99.3
2665,297,704617582,10,0.005,99.16
2666,297,704617582,10,0.01,99.22
2667,297,704617582,40,0.001,99.35000000000001
2668,297,704617582,40,0.005,99.22999999999999
2669,297,704617582,40,0.01,99.42
2670,297,704617582,70,0.001,99.02
2671,297,704617582,70,0.005,98.98
2672,297,704617582,70,0.01,99.07000000000001
2673,298,716533217,10,0.001,99.3
2674,298,716533217,10,0.005,99.31
2675,298,716533217,10,0.01,99.22999999999999
2676,298,716533217,40,0.001,99.42
2677,298,716533217,40,0.005,99.35000000000001
2678,298,716533217,40,0.01,99.36
2679,298,716533217,70,0.001,99.07000000000001
2680,298,716533217,70,0.005,99.05000000000001
2681,298,716533217,70,0.01,98.77
2682,299,726386912,10,0.001,99.33
2683,299,726386912,10,0.005,99.25
2684,299,726386912,10,0.01,99.2
2685,299,726386912,40,0.001,99.37
2686,299,726386912,40,0.005,99.25
2687,299,726386912,40,0.01,99.33999999999999
2688,299,726386912,70,0.001,98.99
2689,299,726386912,70,0.005,99.03
2690,299,726386912,70,0.01,99.11999999999999
2691,300,748655553,10,0.001,99.11999999999999
2692,300,748655553,10,0.005,99.28
2693,300,748655553,10,0.01,99.26
2694,300,748655553,40,0.001,99.44
2695,300,748655553,40,0.005,99.32
2696,300,748655553,40,0.01,99.32
2697,300,748655553,70,0.001,98.79
2698,300,748655553,70,0.005,98.89
2699,300,748655553,70,0.01,98.88
2700,301,75393020,10,0.001,99.3
2701,301,75393020,10,0.005,99.17
2702,301,75393020,10,0.01,99.3
2703,301,75393020,40,0.001,99.35000000000001
2704,301,75393020,40,0.005,99.16
2705,301,75393020,40,0.01,99.45
2706,301,75393020,70,0.001,99.17
2707,301,75393020,70,0.005,98.82
2708,301,75393020,70,0.01,98.77
2709,302,80365406,10,0.001,99.29
2710,302,80365406,10,0.005,99.28
2711,302,80365406,10,0.01,99.14
2712,302,80365406,40,0.001,99.42
2713,302,80365406,40,0.005,99.32
2714,302,80365406,40,0.01,99.36
2715,302,80365406,70,0.001,98.94
2716,302,80365406,70,0.005,98.89
2717,302,80365406,70,0.01,98.88
2718,303,847471480,10,0.001,99.31
2719,303,847471480,10,0.005,99.29
2720,303,847471480,10,0.01,99.17
2721,303,847471480,40,0.001,99.3
2722,303,847471480,40,0.005,99.27
2723,303,847471480,40,0.01,99.26
2724,303,847471480,70,0.001,99.00999999999999
2725,303,847471480,70,0.005,98.74000000000001
2726,303,847471480,70,0.01,98.69
2727,304,867630165,10,0.001,99.36
2728,304,867630165,10,0.005,99.11
2729,304,867630165,10,0.01,99.36
2730,304,867630165,40,0.001,99.35000000000001
2731,304,867630165,40,0.005,99.26
2732,304,867630165,40,0.01,99.42999999999999
2733,304,867630165,70,0.001,99.16
2734,304,867630165,70,0.005,98.61
2735,304,867630165,70,0.01,98.96000000000001
2744,306,931331540,10,0.001,99.27
2745,306,931331540,10,0.005,99.36
2746,306,931331540,10,0.01,99.22999999999999
2747,306,931331540,40,0.001,99.41
2748,306,931331540,40,0.005,99.31
2749,306,931331540,40,0.01,99.33999999999999
2750,306,931331540,70,0.001,99.22999999999999
2751,306,931331540,70,0.005,99.1
2752,306,931331540,70,0.01,99.1
2753,307,940280301,10,0.001,99.22999999999999
2754,307,940280301,10,0.005,99.21
2755,307,940280301,10,0.01,99.42999999999999
2756,307,940280301,40,0.001,99.46000000000001
2757,307,940280301,40,0.005,99.32
2758,307,940280301,40,0.01,99.35000000000001
2759,307,940280301,70,0.001,98.86
2760,307,940280301,70,0.005,98.89
2761,307,940280301,70,0.01,98.83999999999999
2762,308,988492913,10,0.001,99.26
2763,308,988492913,10,0.005,99.18
2764,308,988492913,10,0.01,99.22
2765,308,988492913,40,0.001,99.35000000000001
2766,308,988492913,40,0.005,99.33
2767,308,988492913,40,0.01,99.27
2768,308,988492913,70,0.001,99.0
2769,308,988492913,70,0.005,98.35000000000001
2770,308,988492913,70,0.01,98.97
2771,309,99581499,10,0.001,99.31
2772,309,99581499,10,0.005,99.26
2773,309,99581499,10,0.01,99.33999999999999
2774,309,99581499,40,0.001,99.51
2775,309,99581499,40,0.005,99.21
2776,309,99581499,40,0.01,99.22
2777,309,99581499,70,0.001,98.82
2778,309,99581499,70,0.005,98.83999999999999
2779,309,99581499,70,0.01,98.95
